"","X.median_R_mean.lag_we","X.median_R_mean.lag1_we","X.percentage_age_we","X.Density_we","X.population_we","X.schoolClosing_we","X.restGatherings_we","X.cancEvents_we","X.testingPolicy_we","X.workClosing2a_we","X.grocery_and_pharmacy_we","X.transit_stations_we","X.transactiongrowth_we","X.workplaces_we","X.sre000d0_we","X.tre200d0_we","X.ure200d0_we","X.ferien_we","X.Canton_3","X.oneweek","Y","W"
"1",1.32857142857143,1.52285714285714,5.11338390250095,5259.653781,495200,1,1,1,3,1,3.97971428571429,-11.3262857142857,-0.0272428716917101,-16.9998571428571,768.285714285714,21.2857142857143,53.8714285714286,0,2,20,1.70857142857143,0
"2",1.37142857142857,1.70857142857143,5.11338390250095,5259.653781,495200,1,1,1,3,1,1.87742857142857,-14.2652857142857,-0.0423275010010524,-20.8365714285714,447.142857142857,20.1142857142857,57.5428571428571,0,2,21,1.63428571428571,0
"3",1.52285714285714,1.63428571428571,5.11338390250095,5259.653781,495200,1,1,1,3,1,-0.265285714285714,-14.898,-0.0276039511165624,-24.1838571428571,552.571428571429,22.8,59.8714285714286,0,2,22,1.14571428571429,0
"4",1.70857142857143,1.14571428571429,5.11338390250095,5259.653781,495200,1,1,1,3,1,-1.10185714285714,-15.5508571428571,-0.101950259583734,-29.0001428571429,612.142857142857,25.6142857142857,56.6285714285714,0,2,23,0.951428571428571,0
"5",1.63428571428571,0.951428571428571,5.11338390250095,5259.653781,495200,1,1,1,3,1,-4.20414285714286,-17.9388571428571,0.0639252022443841,-31.7144285714286,624.714285714286,20.4142857142857,66.9571428571429,0,2,24,0.917142857142857,0
"6",1.14571428571429,0.917142857142857,5.11338390250095,5259.653781,495200,1,1,1,3,1,-0.449142857142857,-12.9594285714286,0.014662268575778,-24.102,474.571428571429,22.8285714285714,68.6714285714286,0,2,25,0.948571428571429,0
"7",0.951428571428571,0.948571428571429,5.11338390250095,5259.653781,495200,1,1,1,3,1,-0.816142857142857,-12.2857142857143,0.0642941791483249,-19.796,524.285714285714,22.8285714285714,60.4714285714286,0,2,26,1.19,0
"8",0.917142857142857,1.19,5.11338390250095,5259.653781,495200,1,1,1,3,1,-0.612285714285714,-11.9998571428571,0.08968054390734,-17.4081428571429,310.571428571429,18.8,64.7857142857143,0,2,27,1.12571428571429,0
"9",0.948571428571429,1.12571428571429,5.11338390250095,5259.653781,495200,1,1,1,3,1,-2.97971428571429,-15.5714285714286,-0.0287610219454724,-18.143,522.428571428571,17.7,67.4142857142857,0,2,28,1.03857142857143,0
"10",1.19,1.03857142857143,5.11338390250095,5259.653781,495200,1,1,1,3,1,-1.898,-10.9184285714286,-0.142725475418759,-17.612,603.142857142857,18.9,68.7714285714286,0,2,29,1.02,0
"11",1.12571428571429,1.02,5.11338390250095,5259.653781,495200,1,1,1,2.57142857142857,1,-1.36757142857143,-8.53071428571429,0.134281464085216,-15.2855714285714,500.857142857143,20.7,73.9571428571429,0,2,30,0.937142857142857,0
"12",1.03857142857143,0.937142857142857,5.11338390250095,5259.653781,495200,1,1,1,2,1,-3.12257142857143,-12.5101428571429,0.0299328112558364,-16.1837142857143,180.571428571429,14.2142857142857,79.2142857142857,0,2,31,1.3,0
"13",1.02,1.3,5.11338390250095,5259.653781,495200,1,0.428571428571429,1,2,1,-2.73457142857143,-15.5712857142857,0.0299572630284697,-16.5712857142857,83.4285714285714,11.2857142857143,84.6428571428571,0,2,32,1.70285714285714,0
"14",0.937142857142857,1.70285714285714,5.11338390250095,5259.653781,495200,1,0,1,2,1,-3.38771428571429,-16.6937142857143,-0.0133695675490131,-18.5511428571429,186.714285714286,11.2428571428571,79.9285714285714,0,2,33,1.65142857142857,0
"15",1.3,1.65142857142857,5.11338390250095,5259.653781,495200,1,1.42857142857143,1,2,1,-4.20385714285714,-19.7141428571429,-0.0271786172175243,-18.5102857142857,142.428571428571,8.71428571428571,75.3,0,2,34,1.56857142857143,0.714285714285714
"16",1.40428571428571,1.11428571428571,4.76451314001525,2669.154977,793100,1,1,1,3,1,3.97971428571429,-11.3262857142857,-0.0578646273456513,-16.9998571428571,681.3,18.9614285714286,59.6128571428571,0,4,20,0.991428571428571,0
"17",1.26714285714286,0.991428571428571,4.76451314001525,2669.154977,793100,1,1,1,3,1,1.87742857142857,-14.2652857142857,-0.0550533249101495,-20.8365714285714,424.871428571429,17.8085714285714,64.9742857142857,0,4,21,1.06285714285714,0
"18",1.11428571428571,1.06285714285714,4.76451314001525,2669.154977,793100,1,1,1,3,1,-0.265285714285714,-14.898,-0.0107739317597542,-24.1838571428571,500.971428571429,20.4985714285714,63.6642857142857,0,4,22,1.27571428571429,0
"19",0.991428571428571,1.27571428571429,4.76451314001525,2669.154977,793100,1,1,1,3,1,-1.10185714285714,-15.5508571428571,-0.0763613319345371,-29.0001428571429,578.328571428571,23.0071428571429,61.9528571428571,0,4,23,0.987142857142857,0
"20",1.06285714285714,0.987142857142857,4.76451314001525,2669.154977,793100,1,1,1,3,1,-4.20414285714286,-17.9388571428571,0.0793807818370222,-31.7144285714286,579.842857142857,18.5457142857143,70.8814285714286,0,4,24,1.24,0
"21",1.27571428571429,1.24,4.76451314001525,2669.154977,793100,1,1,1,3,1,-0.449142857142857,-12.9594285714286,0.00864201035935785,-24.102,436.871428571429,20.9128571428571,72.2328571428571,0,4,25,1.44714285714286,0
"22",0.987142857142857,1.44714285714286,4.76451314001525,2669.154977,793100,1,1,1,3,1,-0.816142857142857,-12.2857142857143,0.0240728187042247,-19.796,493.2,20.33,67.2342857142857,0,4,26,1.26571428571429,0
"23",1.24,1.26571428571429,4.76451314001525,2669.154977,793100,1,1,1,3,1,-0.612285714285714,-11.9998571428571,0.0441958728304961,-17.4081428571429,291.714285714286,16.7071428571429,69.2242857142857,0,4,27,1.31,0
"24",1.44714285714286,1.31,4.76451314001525,2669.154977,793100,1,1,1,3,1,-2.97971428571429,-15.5714285714286,-0.0123725549650935,-18.143,458.9,15.8514285714286,71.7385714285714,0,4,28,1.18142857142857,0
"25",1.26571428571429,1.18142857142857,4.76451314001525,2669.154977,793100,1,1,1,3,1,-1.898,-10.9184285714286,0.00984225079122858,-17.612,607.214285714286,17.5342857142857,71.9885714285714,0,4,29,0.917142857142857,0
"26",1.31,0.917142857142857,4.76451314001525,2669.154977,793100,1,2.14285714285714,1.57142857142857,2.57142857142857,1,-1.36757142857143,-8.53071428571429,-0.0429069166087412,-15.2855714285714,494.114285714286,19.3528571428571,74.2157142857143,0,4,30,0.788571428571429,0.571428571428571
"27",1.18142857142857,0.788571428571429,4.76451314001525,2669.154977,793100,1,3,2,2,1,-3.12257142857143,-12.5101428571429,-0.0739345814866308,-16.1837142857143,129.557142857143,12.1885714285714,84.3957142857143,0,4,31,1.11857142857143,1
"28",0.917142857142857,1.11857142857143,4.76451314001525,2669.154977,793100,1,3,2,2,1,-2.73457142857143,-15.5712857142857,0.131015927664913,-16.5712857142857,121.142857142857,10.1671428571429,86.4671428571429,0,4,32,1.54285714285714,1
"29",0.788571428571429,1.54285714285714,4.76451314001525,2669.154977,793100,1,3,2,2,1,-3.38771428571429,-16.6937142857143,-0.0144134587986979,-18.5511428571429,159.1,9.86428571428571,80.6828571428571,0.285714285714286,4,33,1.60285714285714,1
"30",1.11857142857143,1.60285714285714,4.76451314001525,2669.154977,793100,1,3,2,2,1,-4.20385714285714,-19.7141428571429,-0.0657470742470618,-18.5102857142857,162.328571428571,6.73142857142857,80.2414285714286,1,4,34,1.53857142857143,1
"31",1.52857142857143,0.924285714285714,4.01295282845893,2276.853836,315100,1,1,1,3,1,3.97971428571429,-11.3262857142857,-0.0173395781167436,-16.9998571428571,655.785714285714,17.3714285714286,62.6071428571429,0,5,20,1.07142857142857,0
"32",0.955714285714286,1.07142857142857,4.01295282845893,2276.853836,315100,1,1,1,3,1,1.87742857142857,-14.2652857142857,-0.0436874808935173,-20.8365714285714,423.714285714286,15.8785714285714,70.9642857142857,0,5,21,1,0
"33",0.924285714285714,1,4.01295282845893,2276.853836,315100,1,1,1,3,1,-0.265285714285714,-14.898,0.000886606190945827,-24.1838571428571,503.785714285714,19.0571428571429,66.9571428571429,0,5,22,1.14571428571429,0
"34",1.07142857142857,1.14571428571429,4.01295282845893,2276.853836,315100,1,1,1,3,1,-1.10185714285714,-15.5508571428571,-0.0241160611108171,-29.0001428571429,564.357142857143,22.0071428571429,63.2357142857143,0,5,23,1.04571428571429,0
"35",1,1.04571428571429,4.01295282845893,2276.853836,315100,1,1,1,3,1,-4.20414285714286,-17.9388571428571,0.0238291041515435,-31.7144285714286,589.214285714286,17.1642857142857,74.8714285714286,0,5,24,1.34857142857143,0
"36",1.14571428571429,1.34857142857143,4.01295282845893,2276.853836,315100,1,1,1,3,1,-0.449142857142857,-12.9594285714286,-0.0706865750637693,-24.102,496.714285714286,20.1571428571429,71.9,0,5,25,1.69285714285714,0
"37",1.04571428571429,1.69285714285714,4.01295282845893,2276.853836,315100,1,1,1,3,1,-0.816142857142857,-12.2857142857143,0.0707816705159008,-19.796,445.5,18.8142857142857,70.5071428571429,0,5,26,1.18,0
"38",1.34857142857143,1.18,4.01295282845893,2276.853836,315100,1,2,1,3,1,-0.612285714285714,-11.9998571428571,0.0341571890774084,-17.4081428571429,290,15.4571428571429,69.7928571428571,0,5,27,1.25714285714286,0
"39",1.69285714285714,1.25714285714286,4.01295282845893,2276.853836,315100,1,2,1,3,1,-2.97971428571429,-15.5714285714286,-0.0372064411596593,-18.143,433,14.4,76.9928571428571,0,5,28,1.02142857142857,0
"40",1.18,1.02142857142857,4.01295282845893,2276.853836,315100,1,2,1,3,1,-1.898,-10.9184285714286,0.00401837021823503,-17.612,591,16.05,79.3,0,5,29,0.752857142857143,0
"41",1.25714285714286,0.752857142857143,4.01295282845893,2276.853836,315100,1,2,1,2.57142857142857,1,-1.36757142857143,-8.53071428571429,-0.0295372241707277,-15.2855714285714,502.785714285714,18.1571428571429,77.9071428571429,0,5,30,0.835714285714286,0
"42",1.02142857142857,0.835714285714286,4.01295282845893,2276.853836,315100,1,2,1,2,1,-3.12257142857143,-12.5101428571429,0.0298951021110323,-16.1837142857143,89.3571428571429,10.8928571428571,85.1428571428571,0,5,31,1.41428571428571,0
"43",0.752857142857143,1.41428571428571,4.01295282845893,2276.853836,315100,1,2,1,2,1,-2.73457142857143,-15.5712857142857,0.0245796079856024,-16.5712857142857,145.428571428571,8.97857142857143,87.2857142857143,0,5,32,1.98142857142857,0
"44",0.835714285714286,1.98142857142857,4.01295282845893,2276.853836,315100,1,2,1,2,1,-3.38771428571429,-16.6937142857143,-0.000569353567383857,-18.5511428571429,148.428571428571,8.99285714285714,80.0571428571428,0,5,33,1.87714285714286,0
"45",1.41428571428571,1.87714285714286,4.01295282845893,2276.853836,315100,1,2,1,2,1,-4.20385714285714,-19.7141428571429,-0.0283677671339841,-18.5102857142857,91.2142857142857,4.9,88,0,5,34,1.55857142857143,0.285714285714286
"46",0.838571428571429,1.43714285714286,5.78993291632672,2655.782719,178000,1,1,1,3,1,3.97971428571429,-11.3262857142857,-0.0379998860806179,-16.9998571428571,695.285714285714,16.9485714285714,61.9114285714286,0,11,20,1.45714285714286,0
"47",0.882857142857143,1.45714285714286,5.78993291632672,2655.782719,178000,1,1,1,3,1,1.87742857142857,-14.2652857142857,-0.0610268238269658,-20.8365714285714,413.5,15.9057142857143,68.0371428571429,0,11,21,0.875714285714286,0
"48",1.43714285714286,0.875714285714286,5.78993291632672,2655.782719,178000,1,1,1,3,1,-0.265285714285714,-14.898,-0.0532673096085716,-24.1838571428571,489.828571428571,18.64,69.1257142857143,0,11,22,1.21142857142857,0
"49",1.45714285714286,1.21142857142857,5.78993291632672,2655.782719,178000,1,1,1,3,1,-1.10185714285714,-15.5508571428571,-0.0902332615483701,-29.0001428571429,582.885714285714,21.2314285714286,63.9171428571429,0,11,23,1.29857142857143,0
"50",0.875714285714286,1.29857142857143,5.78993291632672,2655.782719,178000,1,1,1,3,1,-4.20414285714286,-17.9388571428571,0.120758301952954,-31.7144285714286,581.171428571429,17.42,70.4342857142857,0,11,24,1.30428571428571,0
"51",1.21142857142857,1.30428571428571,5.78993291632672,2655.782719,178000,1,1,1,3,1,-0.449142857142857,-12.9594285714286,0.0383218581114377,-24.102,395.742857142857,19.6914285714286,73.38,0,11,25,0.954285714285714,0
"52",1.29857142857143,0.954285714285714,5.78993291632672,2655.782719,178000,1,1.42857142857143,1,3,1,-0.816142857142857,-12.2857142857143,-0.026103454360797,-19.796,451.8,18.5828571428571,69.92,0,11,26,1.17571428571429,0.428571428571429
"53",1.30428571428571,1.17571428571429,5.78993291632672,2655.782719,178000,1,2,1,3,1,-0.612285714285714,-11.9998571428571,0.0236763721747657,-17.4081428571429,277.742857142857,14.8514285714286,71.8542857142857,0,11,27,1.36142857142857,1
"54",0.954285714285714,1.36142857142857,5.78993291632672,2655.782719,178000,1,2,1,3,1,-2.97971428571429,-15.5714285714286,-0.0111938904908797,-18.143,380.971428571429,13.8428571428571,75.3485714285714,0,11,28,1.25428571428571,1
"55",1.17571428571429,1.25428571428571,5.78993291632672,2655.782719,178000,1,2,1,3,1,-1.898,-10.9184285714286,0.00334954795553877,-17.612,598.885714285714,15.4885714285714,70.8457142857143,0,11,29,0.9,1
"56",1.36142857142857,0.9,5.78993291632672,2655.782719,178000,1,2,1,2.57142857142857,1,-1.36757142857143,-8.53071428571429,-0.0337888207997619,-15.2855714285714,473.714285714286,17.6342857142857,74.38,0,11,30,1.13428571428571,1
"57",1.25428571428571,1.13428571428571,5.78993291632672,2655.782719,178000,1,2,1,2,1,-3.12257142857143,-12.5101428571429,-0.0694262767610407,-16.1837142857143,132.971428571429,10.8428571428571,85.2914285714286,0,11,31,1.63857142857143,1
"58",0.9,1.63857142857143,5.78993291632672,2655.782719,178000,1,2.57142857142857,1,2,1,-2.73457142857143,-15.5712857142857,0.124431544219167,-16.5712857142857,151.257142857143,8.90285714285714,85.9828571428571,0,11,32,1.76285714285714,1
"59",1.13428571428571,1.76285714285714,5.78993291632672,2655.782719,178000,1,3,1,2,1,-3.38771428571429,-16.6937142857143,-0.0784153489919959,-18.5511428571429,123.085714285714,8.38571428571429,84.4171428571428,1,11,33,1.61857142857143,1
"60",1.63857142857143,1.61857142857143,5.78993291632672,2655.782719,178000,1,3,1,2,1,-4.20385714285714,-19.7141428571429,-0.0158088517601218,-18.5102857142857,130.057142857143,5.22,84.0142857142857,0.714285714285714,11,34,1.49428571428571,1
"61",1.17142857142857,0.864285714285714,5.21959337240431,1862.9421,341500,1,1,1,3,1,3.97971428571429,-11.3262857142857,0.0901848232090803,-16.9998571428571,603.714285714286,16.71,58.1785714285714,0,3,20,0.874285714285714,0
"62",0.76,0.874285714285714,5.21959337240431,1862.9421,341500,1,1.57142857142857,1,3,1,1.87742857142857,-14.2652857142857,0.0256457523999174,-20.8365714285714,427.1,15.4514285714286,65.49,0,3,21,1.03857142857143,0
"63",0.864285714285714,1.03857142857143,5.21959337240431,1862.9421,341500,1,2,1,3,1,-0.265285714285714,-14.898,0.0420826296268384,-24.1838571428571,440.771428571429,16.98,64.5185714285714,0,3,22,1.41428571428571,0
"64",0.874285714285714,1.41428571428571,5.21959337240431,1862.9421,341500,1,2,1,3,1,-1.10185714285714,-15.5508571428571,0.000117233483523549,-29.0001428571429,494.714285714286,19.5542857142857,63.7485714285714,0,3,23,1.21714285714286,0
"65",1.03857142857143,1.21714285714286,5.21959337240431,1862.9421,341500,1,2,1,3,1,-4.20414285714286,-17.9388571428571,0.0552190690082046,-31.7144285714286,508.728571428571,16.0428571428571,64.4628571428571,0,3,24,1.19,0
"66",1.41428571428571,1.19,5.21959337240431,1862.9421,341500,1,2,1,3,1,-0.449142857142857,-12.9594285714286,-0.130359615003131,-24.102,395.385714285714,17.7828571428571,69.7528571428571,0,3,25,1.15285714285714,0
"67",1.21714285714286,1.15285714285714,5.21959337240431,1862.9421,341500,1,2,1,3,1,-0.816142857142857,-12.2857142857143,0.0223995791643556,-19.796,439.5,17.6371428571429,65.1428571428571,0,3,26,1.08857142857143,0
"68",1.19,1.08857142857143,5.21959337240431,1862.9421,341500,1,2,1,3,1,-0.612285714285714,-11.9998571428571,-0.0783721540356836,-17.4081428571429,292.714285714286,13.92,67.9757142857143,0,3,27,0.972857142857143,0
"69",1.15285714285714,0.972857142857143,5.21959337240431,1862.9421,341500,1,2,1,3,1,-2.97971428571429,-15.5714285714286,-0.0252007023850069,-18.143,456.9,13.1257142857143,67.9085714285714,0,3,28,1.08857142857143,0
"70",1.08857142857143,1.08857142857143,5.21959337240431,1862.9421,341500,1,2,1,3,1,-1.898,-10.9184285714286,0.00908133889728191,-17.612,474.642857142857,15.25,71.5014285714286,0,3,29,1.15,0
"71",0.972857142857143,1.15,5.21959337240431,1862.9421,341500,1,2,1,2.57142857142857,1,-1.36757142857143,-8.53071428571429,-0.0423730465870342,-15.2855714285714,388.371428571429,15.9128571428571,65.19,0,3,30,0.98,0
"72",1.08857142857143,0.98,5.21959337240431,1862.9421,341500,1,2,1,2,1,-3.12257142857143,-12.5101428571429,-0.0354924511761183,-16.1837142857143,97.3142857142857,8.81714285714286,79.84,0,3,31,1.57857142857143,0
"73",1.15,1.57857142857143,5.21959337240431,1862.9421,341500,1,2,1,2,1,-2.73457142857143,-15.5712857142857,0.0282211626522582,-16.5712857142857,185.314285714286,7.80857142857143,81.2828571428571,0,3,32,2.43,0
"74",0.98,2.43,5.21959337240431,1862.9421,341500,1,2,1,2,1,-3.38771428571429,-16.6937142857143,0.0259739418752396,-18.5511428571429,136.614285714286,6.48714285714286,78.1771428571429,0,3,33,2.04857142857143,0
"75",1.57857142857143,2.04857142857143,5.21959337240431,1862.9421,341500,1,2.14285714285714,1,2,1.28571428571429,-4.20385714285714,-19.7141428571429,-0.0180372732349525,-18.5102857142857,267.185714285714,3.15714285714286,77.6157142857143,1,3,34,1.47428571428571,0.142857142857143
"76",1.32857142857143,1.30142857142857,5.9193399738714,2512.263029,1031100,1,1,1,3,1,3.97971428571429,-11.3262857142857,-0.0227866198265492,-16.9998571428571,625.532467532467,17.8649350649351,67.1532467532468,0,9,20,1.09285714285714,0
"77",1.30714285714286,1.09285714285714,5.9193399738714,2512.263029,1031100,1,1,1,3,1,1.87742857142857,-14.2652857142857,-0.0404615592005744,-20.8365714285714,388.714285714286,16.5818181818182,74.1961038961039,0,9,21,0.98,0
"78",1.30142857142857,0.98,5.9193399738714,2512.263029,1031100,1,1,1,3,1,-0.265285714285714,-14.898,0.00345328543618706,-24.1838571428571,467.571428571429,19.0662337662338,74.2233766233766,0,9,22,1.23571428571429,0
"79",1.09285714285714,1.23571428571429,5.9193399738714,2512.263029,1031100,1,1,1,3,1,-1.10185714285714,-15.5508571428571,-0.0152517268478309,-29.0001428571429,530.311688311688,21.538961038961,71.6831168831169,0,9,23,1.19714285714286,0
"80",0.98,1.19714285714286,5.9193399738714,2512.263029,1031100,1,1,1,3,1,-4.20414285714286,-17.9388571428571,0.115854840558757,-31.7144285714286,539.896103896104,17.3350649350649,78.487012987013,0,9,24,1.11428571428571,0
"81",1.23571428571429,1.11428571428571,5.9193399738714,2512.263029,1031100,1,1,1,3,1,-0.449142857142857,-12.9594285714286,-0.0182008173421462,-24.102,434.597402597403,20.1701298701299,76.6896103896104,0,9,25,1.00428571428571,0
"82",1.19714285714286,1.00428571428571,5.9193399738714,2512.263029,1031100,1,1,1,3,1,-0.816142857142857,-12.2857142857143,-0.0525588881603536,-19.796,411.597402597402,19.138961038961,77.2246753246753,0,9,26,1.17857142857143,0
"83",1.11428571428571,1.17857142857143,5.9193399738714,2512.263029,1031100,1,1,1,3,1,-0.612285714285714,-11.9998571428571,0.015351338170019,-17.4081428571429,280.597402597403,15.4545454545455,77.2935064935065,0,9,27,1.19714285714286,0
"84",1.00428571428571,1.19714285714286,5.9193399738714,2512.263029,1031100,1,1,1,3,1,-2.97971428571429,-15.5714285714286,0.000291791101430405,-18.143,400.272727272727,14.6311688311688,79.6038961038961,0,9,28,1.26428571428571,0
"85",1.17857142857143,1.26428571428571,5.9193399738714,2512.263029,1031100,1,1,1,3,1,-1.898,-10.9184285714286,0.0121574523382897,-17.612,532.246753246753,16.4220779220779,79.1545454545454,0,9,29,1.14571428571429,0
"86",1.19714285714286,1.14571428571429,5.9193399738714,2512.263029,1031100,1,1,1,2.57142857142857,1,-1.36757142857143,-8.53071428571429,-0.0318926218686482,-15.2855714285714,454.948051948052,17.7935064935065,79.0662337662338,0.285714285714286,9,30,0.98,0
"87",1.26428571428571,0.98,5.9193399738714,2512.263029,1031100,1,1,1,2,1,-3.12257142857143,-12.5101428571429,-0.0613394014006285,-16.1837142857143,105.064935064935,11.9181818181818,82.6103896103896,1,9,31,1.30714285714286,0
"88",1.14571428571429,1.30714285714286,5.9193399738714,2512.263029,1031100,1,1,1,2,1,-2.73457142857143,-15.5712857142857,0.0347042342465098,-16.5712857142857,156.74025974026,9.95064935064934,85.8324675324675,1,9,32,1.67,0
"89",0.98,1.67,5.9193399738714,2512.263029,1031100,1,1,1,2,1,-3.38771428571429,-16.6937142857143,0.0238078923376541,-18.5511428571429,131.142857142857,9.09870129870129,83.7467532467533,1,9,33,1.73714285714286,0
"90",1.30714285714286,1.73714285714286,5.9193399738714,2512.263029,1031100,1,2,1,2,1,-4.20385714285714,-19.7141428571429,-0.0263577703256086,-18.5102857142857,127.116883116883,6.14415584415584,84.1090909090909,0,9,34,1.47,1
"91",2.43714285714286,0.582857142857143,6.12904979343335,1307.551202,73300,1,3,1,3,1,3.97971428571429,-11.3262857142857,-0.0903127483751387,-16.9998571428571,687.857142857143,18.0928571428571,60.8214285714286,0,17,20,0.361428571428571,0
"92",1.22714285714286,0.361428571428571,6.12904979343335,1307.551202,73300,1,3,1,3,1,1.87742857142857,-14.2652857142857,-0.0401491276957024,-20.8365714285714,433.142857142857,17.0642857142857,70.8928571428571,0,17,21,0.407142857142857,0
"93",0.582857142857143,0.407142857142857,6.12904979343335,1307.551202,73300,1,3,1,3,1,-0.265285714285714,-14.898,-0.0371258954341176,-24.1838571428571,518.071428571429,20.4928571428571,60.8642857142857,0,17,22,0.688571428571429,0
"94",0.361428571428571,0.688571428571429,6.12904979343335,1307.551202,73300,1,3,1,3,1,-1.10185714285714,-15.5508571428571,-0.0712921163908131,-29.0001428571429,593.142857142857,22.7928571428571,58.8214285714286,0,17,23,2.27142857142857,0
"95",0.407142857142857,2.27142857142857,6.12904979343335,1307.551202,73300,1,3,1,3,1,-4.20414285714286,-17.9388571428571,0.121064311952292,-31.7144285714286,601.928571428571,19.3857142857143,68.2785714285714,0,17,24,1.63142857142857,0
"96",0.688571428571429,1.63142857142857,6.12904979343335,1307.551202,73300,1,3,1,3,1,-0.449142857142857,-12.9594285714286,-0.0744281977482188,-24.102,360.214285714286,21.8214285714286,70.8357142857143,0,17,25,1.09571428571429,0
"97",2.27142857142857,1.09571428571429,6.12904979343335,1307.551202,73300,1,3,1,3,1,-0.816142857142857,-12.2857142857143,0.0636226836621976,-19.796,465,20.85,66.8785714285714,0,17,26,1.40571428571429,0
"98",1.63142857142857,1.40571428571429,6.12904979343335,1307.551202,73300,1,3,1,3,1,-0.612285714285714,-11.9998571428571,0.0131811279429268,-17.4081428571429,252.428571428571,16.7142857142857,70.5928571428571,0,17,27,1.43571428571429,0
"99",1.09571428571429,1.43571428571429,6.12904979343335,1307.551202,73300,1,3,1,3,1,-2.97971428571429,-15.5714285714286,-0.00904500623513549,-18.143,381.142857142857,15.8214285714286,74.65,0,17,28,1.11714285714286,0
"100",1.40571428571429,1.11714285714286,6.12904979343335,1307.551202,73300,1,3,1,3,1,-1.898,-10.9184285714286,0.00995652282280268,-17.612,616.714285714286,17.2214285714286,70.1928571428572,0,17,29,1.08285714285714,0
"101",1.43571428571429,1.08285714285714,6.12904979343335,1307.551202,73300,1,3,1,2.57142857142857,1,-1.36757142857143,-8.53071428571429,-0.0510651959131909,-15.2855714285714,500,19.1642857142857,72.8285714285714,0,17,30,1.17857142857143,0
"102",1.11714285714286,1.17857142857143,6.12904979343335,1307.551202,73300,1,3,1,2,1,-3.12257142857143,-12.5101428571429,0.0289199772671669,-16.1837142857143,120.142857142857,13.0428571428571,78.4142857142857,0,17,31,2.04714285714286,0
"103",1.08285714285714,2.04714285714286,6.12904979343335,1307.551202,73300,1,3,1,2,1,-2.73457142857143,-15.5712857142857,0.0389775467286704,-16.5712857142857,161.857142857143,10.7571428571429,84.3142857142857,0,17,32,2.16428571428571,0
"104",1.17857142857143,2.16428571428571,6.12904979343335,1307.551202,73300,1,3,1,2,1,-3.38771428571429,-16.6937142857143,-0.0224651462936585,-18.5511428571429,68.2857142857143,10.4285714285714,82.1,0,17,33,1.63428571428571,0
"105",2.04714285714286,1.63428571428571,6.12904979343335,1307.551202,73300,1,3,1,2,1,-4.20385714285714,-19.7141428571429,-0.0605050942005487,-18.5102857142857,62.5714285714286,6.55714285714286,89.6857142857143,1,17,34,1.37428571428571,0
"106",1.81,1.23142857142857,5.53284867773309,2494.466764,271400,1,1,1,3,1,3.97971428571429,-11.3262857142857,-0.0506237789735327,-16.9998571428571,677,19.3214285714286,61.0285714285714,0,16,20,0.954285714285714,0
"107",1.3,0.954285714285714,5.53284867773309,2494.466764,271400,1,1,1,3,1,1.87742857142857,-14.2652857142857,-0.059418345930025,-20.8365714285714,448.857142857143,18.25,66.5214285714286,0,16,21,0.855714285714286,0
"108",1.23142857142857,0.855714285714286,5.53284867773309,2494.466764,271400,1,1,1,3,1,-0.265285714285714,-14.898,-0.00749791345008077,-24.1838571428571,504.214285714286,20.7214285714286,69.7428571428571,0,16,22,1.11428571428571,0
"109",0.954285714285714,1.11428571428571,5.53284867773309,2494.466764,271400,1,1,1,3,1,-1.10185714285714,-15.5508571428571,-0.0261223622924369,-29.0001428571429,568.785714285714,23.2214285714286,63.5785714285714,0,16,23,1.58428571428571,0
"110",0.855714285714286,1.58428571428571,5.53284867773309,2494.466764,271400,1,1,1,3,1,-4.20414285714286,-17.9388571428571,0.119171575992041,-31.7144285714286,570.071428571429,18.8142857142857,75.8857142857143,0,16,24,1.32571428571429,0
"111",1.11428571428571,1.32571428571429,5.53284867773309,2494.466764,271400,1,1,1,3,1,-0.449142857142857,-12.9594285714286,-0.103460743180083,-24.102,464.928571428571,22.1857142857143,71.9071428571429,0,16,25,0.882857142857143,0
"112",1.58428571428571,0.882857142857143,5.53284867773309,2494.466764,271400,1,1,1,3,1,-0.816142857142857,-12.2857142857143,0.0745597674722323,-19.796,447.428571428571,20.85,72.5428571428571,0,16,26,1.02285714285714,0
"113",1.32571428571429,1.02285714285714,5.53284867773309,2494.466764,271400,1,1,1,3,1,-0.612285714285714,-11.9998571428571,0.0273615721347369,-17.4081428571429,302.142857142857,17.0142857142857,73.2428571428571,0,16,27,0.781428571428571,0
"114",0.882857142857143,0.781428571428571,5.53284867773309,2494.466764,271400,1,1,1,3,1,-2.97971428571429,-15.5714285714286,-0.0354542212370355,-18.143,390.5,16.1642857142857,76.6428571428571,0,16,28,1.12,0
"115",1.02285714285714,1.12,5.53284867773309,2494.466764,271400,1,1,1,3,1,-1.898,-10.9184285714286,-0.0150587614713,-17.612,606.928571428571,17.2071428571429,76.0428571428571,0,16,29,1.29285714285714,0
"116",0.781428571428571,1.29285714285714,5.53284867773309,2494.466764,271400,1,1,1,2.57142857142857,1,-1.36757142857143,-8.53071428571429,-0.0200225335795601,-15.2855714285714,450.071428571429,18.9642857142857,79.7714285714286,0,16,30,1.00857142857143,0
"117",1.12,1.00857142857143,5.53284867773309,2494.466764,271400,1,1,1,2,1,-3.12257142857143,-12.5101428571429,0.0106024798380986,-16.1837142857143,166.142857142857,13.6571428571429,82.15,0,16,31,1.28428571428571,0
"118",1.29285714285714,1.28428571428571,5.53284867773309,2494.466764,271400,1,0.428571428571429,1,2,1,-2.73457142857143,-15.5712857142857,-0.0443013135211157,-16.5712857142857,157.642857142857,11.1357142857143,86.7642857142857,0,16,32,1.46428571428571,0
"119",1.00857142857143,1.46428571428571,5.53284867773309,2494.466764,271400,1,0,1,2,1,-3.38771428571429,-16.6937142857143,-0.00720858960495185,-18.5511428571429,144.071428571429,10.6785714285714,84.15,0,16,33,1.73428571428571,0
"120",1.28428571428571,1.73428571428571,5.53284867773309,2494.466764,271400,1,0,1,2,1,-4.20385714285714,-19.7141428571429,0.0266082927117015,-18.5102857142857,131.928571428571,7.59285714285714,84.5714285714286,0,16,34,1.61571428571429,0
"121",1.73714285714286,1.30857142857143,6.58000193458344,3192.598338,287000,1,1,1,3,1,3.97971428571429,-11.3262857142857,-0.0365107866665983,-16.9998571428571,706.428571428571,19.7357142857143,53.4714285714286,0,22,20,0.694285714285714,0
"122",1.23571428571429,0.694285714285714,6.58000193458344,3192.598338,287000,1,1,1,3,1,1.87742857142857,-14.2652857142857,-0.0436289879670397,-20.8365714285714,455.714285714286,18.2428571428571,63.3428571428571,0,22,21,0.891428571428571,0
"123",1.30857142857143,0.891428571428571,6.58000193458344,3192.598338,287000,1,1,1,3,1,-0.265285714285714,-14.898,0.00970735518505172,-24.1838571428571,509.714285714286,21.6357142857143,54.7642857142857,0,22,22,1.38,0
"124",0.694285714285714,1.38,6.58000193458344,3192.598338,287000,1,1,1,3,1,-1.10185714285714,-15.5508571428571,-0.0186236525344725,-29.0001428571429,577.214285714286,23.7928571428571,54.6357142857143,0,22,23,1.13571428571429,0
"125",0.891428571428571,1.13571428571429,6.58000193458344,3192.598338,287000,1,1,1,3,1,-4.20414285714286,-17.9388571428571,0.109432221964276,-31.7144285714286,585.071428571429,20.0642857142857,67.7,0,22,24,1.27,0
"126",1.38,1.27,6.58000193458344,3192.598338,287000,1,1,1,3,1,-0.449142857142857,-12.9594285714286,0.0234035472355174,-24.102,428,23.35,63.2928571428571,0,22,25,1.12,0
"127",1.13571428571429,1.12,6.58000193458344,3192.598338,287000,1,1,1,3,1,-0.816142857142857,-12.2857142857143,-0.0575524180297418,-19.796,469.571428571429,21.3428571428571,66.0357142857143,0,22,26,0.994285714285714,0
"128",1.27,0.994285714285714,6.58000193458344,3192.598338,287000,1,1,1,3,1,-0.612285714285714,-11.9998571428571,0.0429184459739371,-17.4081428571429,258.214285714286,17.2785714285714,69.0642857142857,0,22,27,0.891428571428571,0
"129",1.12,0.891428571428571,6.58000193458344,3192.598338,287000,1,1,1,3,1,-2.97971428571429,-15.5714285714286,-0.0127925297907261,-18.143,387.428571428571,16.4285714285714,72.4642857142857,0,22,28,0.962857142857143,0
"130",0.994285714285714,0.962857142857143,6.58000193458344,3192.598338,287000,1,1,1,3,1,-1.898,-10.9184285714286,0.00322082883723773,-17.612,610.928571428571,18.1142857142857,68.45,0,22,29,0.785714285714286,0
"131",0.891428571428571,0.785714285714286,6.58000193458344,3192.598338,287000,1,1,1,2.57142857142857,1,-1.36757142857143,-8.53071428571429,-0.0200081608996072,-15.2855714285714,502.642857142857,20.0214285714286,69.2,0,22,30,1.06,0
"132",0.962857142857143,1.06,6.58000193458344,3192.598338,287000,1,1,1,2,1,-3.12257142857143,-12.5101428571429,0.0117544744047731,-16.1837142857143,134,13.5642857142857,76.4357142857143,0.285714285714286,22,31,1.68285714285714,0
"133",0.785714285714286,1.68285714285714,6.58000193458344,3192.598338,287000,1,1.57142857142857,1,2,1,-2.73457142857143,-15.5712857142857,-0.0435203287797794,-16.5712857142857,205,11.3214285714286,80.5357142857143,1,22,32,2.10428571428571,0
"134",1.06,2.10428571428571,6.58000193458344,3192.598338,287000,1,2,1,2,1,-3.38771428571429,-16.6937142857143,0.000756386154732169,-18.5511428571429,83.4285714285714,10.8285714285714,80.2357142857143,1,22,33,1.70714285714286,0
"135",1.68285714285714,1.70714285714286,6.58000193458344,3192.598338,287000,1,2,1,2,1,-4.20385714285714,-19.7141428571429,0.0515036653479317,-18.5102857142857,88.2142857142857,6.84285714285714,87.7785714285714,0,22,34,1.46857142857143,0
"136",1.4,1.73428571428571,6.74924940258573,7411.187215,193900,1,1.57142857142857,1,3,1,3.97971428571429,-11.3262857142857,-0.0430484287502555,-16.9998571428571,706.428571428571,19.7357142857143,53.4714285714286,0,24,20,0.835714285714286,0
"137",2.69857142857143,0.835714285714286,6.74924940258573,7411.187215,193900,1,2,1,3,1,1.87742857142857,-14.2652857142857,-0.0471919514132662,-20.8365714285714,455.714285714286,18.2428571428571,63.3428571428571,0,24,21,1.22285714285714,0
"138",1.73428571428571,1.22285714285714,6.74924940258573,7411.187215,193900,1,2,1,3,1,-0.265285714285714,-14.898,0.00316583433628814,-24.1838571428571,509.714285714286,21.6357142857143,54.7642857142857,0,24,22,1.34428571428571,0
"139",0.835714285714286,1.34428571428571,6.74924940258573,7411.187215,193900,1,2,1,3,1,-1.10185714285714,-15.5508571428571,-0.0565483465204881,-29.0001428571429,577.214285714286,23.7928571428571,54.6357142857143,0,24,23,1.03285714285714,0
"140",1.22285714285714,1.03285714285714,6.74924940258573,7411.187215,193900,1,2,1,3,1,-4.20414285714286,-17.9388571428571,0.158534999764196,-31.7144285714286,585.071428571429,20.0642857142857,67.7,0,24,24,1.35571428571429,0
"141",1.34428571428571,1.35571428571429,6.74924940258573,7411.187215,193900,1,2,1,3,1,-0.449142857142857,-12.9594285714286,0.00471721217032517,-24.102,428,23.35,63.2928571428571,0,24,25,0.932857142857143,0
"142",1.03285714285714,0.932857142857143,6.74924940258573,7411.187215,193900,1,2,1,3,1,-0.816142857142857,-12.2857142857143,-0.0292681235170118,-19.796,469.571428571429,21.3428571428571,66.0357142857143,0,24,26,0.785714285714286,0
"143",1.35571428571429,0.785714285714286,6.74924940258573,7411.187215,193900,1,2,1,3,1,-0.612285714285714,-11.9998571428571,-0.00542084384250785,-17.4081428571429,258.214285714286,17.2785714285714,69.0642857142857,0,24,27,0.961428571428571,1
"144",0.932857142857143,0.961428571428571,6.74924940258573,7411.187215,193900,1,2,1,3,1,-2.97971428571429,-15.5714285714286,0.00498901829331722,-18.143,387.428571428571,16.4285714285714,72.4642857142857,0,24,28,0.994285714285714,1
"145",0.785714285714286,0.994285714285714,6.74924940258573,7411.187215,193900,1,2,1,3,1,-1.898,-10.9184285714286,0.000655602928135934,-17.612,610.928571428571,18.1142857142857,68.45,0,24,29,0.737142857142857,1
"146",0.961428571428571,0.737142857142857,6.74924940258573,7411.187215,193900,1,2,1,2.57142857142857,1,-1.36757142857143,-8.53071428571429,-0.0114529008413271,-15.2855714285714,502.642857142857,20.0214285714286,69.2,0,24,30,1.03428571428571,1
"147",0.994285714285714,1.03428571428571,6.74924940258573,7411.187215,193900,1,2,1,2,1,-3.12257142857143,-12.5101428571429,0.00384821666013302,-16.1837142857143,134,13.5642857142857,76.4357142857143,0.285714285714286,24,31,1.80714285714286,1
"148",0.737142857142857,1.80714285714286,6.74924940258573,7411.187215,193900,1,1.42857142857143,1,2,1,-2.73457142857143,-15.5712857142857,-0.0202912441722987,-16.5712857142857,205,11.3214285714286,80.5357142857143,1,24,32,1.79285714285714,1
"149",1.03428571428571,1.79285714285714,6.74924940258573,7411.187215,193900,1,1,1,2,1,-3.38771428571429,-16.6937142857143,-0.0299634857548199,-18.5511428571429,83.4285714285714,10.8285714285714,80.2357142857143,0.857142857142857,24,33,1.62857142857143,1
"150",1.80714285714286,1.62857142857143,6.74924940258573,7411.187215,193900,1,1,1,2,1,-4.20385714285714,-19.7141428571429,0.0353030984678284,-18.5102857142857,88.2142857142857,6.84285714285714,87.7785714285714,0,24,34,1.45,1
"151",1.99714285714286,1.02142857142857,4.63967806136955,2843.15838,671000,1,1,1,3,1,3.97971428571429,-11.3262857142857,-0.0636463073116698,-16.9998571428571,675.064285714286,19.2171428571429,63.0171428571429,0,20,20,1.08,0
"152",1.19857142857143,1.08,4.63967806136955,2843.15838,671000,1,1,1,3,1,1.87742857142857,-14.2652857142857,-0.073950351620935,-20.8365714285714,447,18.0885714285714,69.5971428571429,0,20,21,1.02,0
"153",1.02142857142857,1.02,4.63967806136955,2843.15838,671000,1,1,1,3,1,-0.265285714285714,-14.898,-0.00245513184340851,-24.1838571428571,549.4,20.9971428571429,64.7028571428571,0,20,22,1.02571428571429,0
"154",1.08,1.02571428571429,4.63967806136955,2843.15838,671000,1,1,1,3,1,-1.10185714285714,-15.5508571428571,-0.0313137807440587,-29.0001428571429,594.685714285714,22.9257142857143,64.0428571428571,0,20,23,1.14428571428571,0
"155",1.02,1.14428571428571,4.63967806136955,2843.15838,671000,1,1,1,3,1,-4.20414285714286,-17.9388571428571,0.138486299976552,-31.7144285714286,579.628571428571,19.3342857142857,77.1914285714286,0,20,24,1.15571428571429,0
"156",1.02571428571429,1.15571428571429,4.63967806136955,2843.15838,671000,1,1,1,3,1,-0.449142857142857,-12.9594285714286,-0.00154880656860712,-24.102,454.057142857143,22.6914285714286,71.7742857142857,0,20,25,1.12142857142857,0
"157",1.14428571428571,1.12142857142857,4.63967806136955,2843.15838,671000,1,1,1,3,1,-0.816142857142857,-12.2857142857143,-0.0389371648352164,-19.796,448.085714285714,20.9085714285714,74.3714285714286,0,20,26,1.00428571428571,0
"158",1.15571428571429,1.00428571428571,4.63967806136955,2843.15838,671000,1,1,1,3,1,-0.612285714285714,-11.9998571428571,0.0491260941550085,-17.4081428571429,279.4,16.8942857142857,76.06,0,20,27,0.978571428571429,0
"159",1.12142857142857,0.978571428571429,4.63967806136955,2843.15838,671000,1,1,1,3,1,-2.97971428571429,-15.5714285714286,-0.00596171428711578,-18.143,381.542857142857,16.3085714285714,78.6,0,20,28,1.04428571428571,0
"160",1.00428571428571,1.04428571428571,4.63967806136955,2843.15838,671000,1,1,1,3,1,-1.898,-10.9184285714286,-0.00742064937994691,-17.612,611.257142857143,17.3371428571429,76.6457142857143,0,20,29,0.941428571428571,0
"161",0.978571428571429,0.941428571428571,4.63967806136955,2843.15838,671000,1,1,1,2.57142857142857,1,-1.36757142857143,-8.53071428571429,-0.0274479451716836,-15.2855714285714,446.485714285714,19.0542857142857,78.3142857142857,0,20,30,0.777142857142857,0
"162",1.04428571428571,0.777142857142857,4.63967806136955,2843.15838,671000,1,1,1,2,1,-3.12257142857143,-12.5101428571429,0.0274772432434798,-16.1837142857143,154.657142857143,13.5314285714286,84.1571428571429,0,20,31,1.43571428571429,0
"163",0.941428571428571,1.43571428571429,4.63967806136955,2843.15838,671000,1,0.428571428571429,1,2,1,-2.73457142857143,-15.5712857142857,-0.020041138548585,-16.5712857142857,203.8,11.6171428571429,85.5571428571428,1,20,32,1.97285714285714,0
"164",0.777142857142857,1.97285714285714,4.63967806136955,2843.15838,671000,1,0,1,2,1,-3.38771428571429,-16.6937142857143,-0.0108698276065322,-18.5511428571429,109.828571428571,11.0742857142857,85.9771428571429,0.714285714285714,20,33,1.72142857142857,0
"165",1.43571428571429,1.72142857142857,4.63967806136955,2843.15838,671000,1,0,1,2,1,-4.20385714285714,-19.7141428571429,0.0363362944397867,-18.5102857142857,92.6857142857143,7.74,87.5,0,20,34,1.48857142857143,0
"166",1.62285714285714,1.18285714285714,5.1074748257165,2847.309511,406500,1,1,1,3,1,3.97971428571429,-11.3262857142857,-0.0468702380011212,-16.9998571428571,616.357142857143,18.2642857142857,67.7357142857143,0,12,20,1.11,0
"167",1.3,1.11,5.1074748257165,2847.309511,406500,1,1.42857142857143,1,3,1,1.87742857142857,-14.2652857142857,-0.0498396620877219,-20.8365714285714,439.321428571429,16.9178571428571,75.4142857142857,0,12,21,0.932857142857143,0
"168",1.18285714285714,0.932857142857143,5.1074748257165,2847.309511,406500,1,2,1,3,1,-0.265285714285714,-14.898,0.00170939358166855,-24.1838571428571,479.392857142857,19.8464285714286,73.9714285714286,0,12,22,1.31142857142857,0
"169",1.11,1.31142857142857,5.1074748257165,2847.309511,406500,1,2,1,3,1,-1.10185714285714,-15.5508571428571,-0.0494230988217037,-29.0001428571429,571.357142857143,22.3035714285714,72.1071428571429,0,12,23,1.20571428571429,0
"170",0.932857142857143,1.20571428571429,5.1074748257165,2847.309511,406500,1,2,1,3,1,-4.20414285714286,-17.9388571428571,0.120277714710866,-31.7144285714286,547.880952380952,17.8357142857143,79.3107142857143,0,12,24,0.937142857142857,0
"171",1.31142857142857,0.937142857142857,5.1074748257165,2847.309511,406500,1,2,1,3,1,-0.449142857142857,-12.9594285714286,-0.0991874243305464,-24.102,529.25,21.2607142857143,74.125,0,12,25,0.814285714285714,0
"172",1.20571428571429,0.814285714285714,5.1074748257165,2847.309511,406500,1,2,1,3,1,-0.816142857142857,-12.2857142857143,0.0968548053750649,-19.796,442.142857142857,19.8464285714286,76.8047619047619,0,12,26,1.13428571428571,0
"173",0.937142857142857,1.13428571428571,5.1074748257165,2847.309511,406500,1,2,1,3,1,-0.612285714285714,-11.9998571428571,0.0113121720718894,-17.4081428571429,341,16.2535714285714,75.9678571428571,0,12,27,0.86,0
"174",0.814285714285714,0.86,5.1074748257165,2847.309511,406500,1,2,1,3,1,-2.97971428571429,-15.5714285714286,-0.0077251342410829,-18.143,410.428571428571,15.3035714285714,80.1785714285714,0,12,28,1.10857142857143,0
"175",1.13428571428571,1.10857142857143,5.1074748257165,2847.309511,406500,1,2,1,3,1,-1.898,-10.9184285714286,0.00568879138392653,-17.612,577.392857142857,16.5928571428571,81.3821428571429,0,12,29,1.19,0
"176",0.86,1.19,5.1074748257165,2847.309511,406500,1,2,1,2.57142857142857,1,-1.36757142857143,-8.53071428571429,-0.0287465834377993,-15.2855714285714,443.357142857143,18.3392857142857,81.9392857142857,0,12,30,0.948571428571429,0
"177",1.10857142857143,0.948571428571429,5.1074748257165,2847.309511,406500,1,2,1,2,1,-3.12257142857143,-12.5101428571429,0.0221382868111757,-16.1837142857143,123.75,12.875,81.65,0.285714285714286,12,31,1.64714285714286,0
"178",1.19,1.64714285714286,5.1074748257165,2847.309511,406500,1,2,1,2,1,-2.73457142857143,-15.5712857142857,-0.0503819572798978,-16.5712857142857,203.321428571429,10.5928571428571,86.7214285714286,1,12,32,2.18571428571429,0
"179",0.948571428571429,2.18571428571429,5.1074748257165,2847.309511,406500,1,2,1,2,1,-3.38771428571429,-16.6937142857143,0.0329229470598591,-18.5511428571429,178.392857142857,10.0535714285714,84.7035714285714,1,12,33,1.73285714285714,0
"180",1.64714285714286,1.73285714285714,5.1074748257165,2847.309511,406500,1,2,1,2,1,-4.20385714285714,-19.7141428571429,0.0196684877107938,-18.5102857142857,99.6071428571429,6.78214285714286,87.3714285714286,0,12,34,1.40714285714286,0.285714285714286
"181",1.81285714285714,1.73714285714286,5.10677563933562,2013.890367,37600,1,1,1,3,1,3.97971428571429,-11.3262857142857,0.0553013045592259,-16.9998571428571,504.714285714286,16.8428571428571,72.4714285714286,0,8,20,0.792857142857143,0
"182",1.68,0.792857142857143,5.10677563933562,2013.890367,37600,1,1,1,3,1,1.87742857142857,-14.2652857142857,0.00425298581480149,-20.8365714285714,298.857142857143,15.7785714285714,78.4857142857143,0,8,21,0.7,0
"183",1.73714285714286,0.7,5.10677563933562,2013.890367,37600,1,1,1,3,1,-0.265285714285714,-14.898,0.042032837498839,-24.1838571428571,356.928571428571,18.4714285714286,76.4428571428572,0,8,22,1.06,0
"184",0.792857142857143,1.06,5.10677563933562,2013.890367,37600,1,1,1,3,1,-1.10185714285714,-15.5508571428571,0.0715385189290831,-29.0001428571429,462.071428571429,20.7428571428571,76.4571428571429,0,8,23,0.781428571428571,0
"185",0.7,0.781428571428571,5.10677563933562,2013.890367,37600,1,1,1,3,1,-4.20414285714286,-17.9388571428571,0.00107337279338715,-31.7144285714286,461.785714285714,16.45,80.9214285714286,0,8,24,1.95857142857143,0
"186",1.06,1.95857142857143,5.10677563933562,2013.890367,37600,1,1,1,3,1,-0.449142857142857,-12.9594285714286,-0.0828691760245199,-24.102,367.928571428571,19.2857142857143,77.9785714285714,0,8,25,1.59428571428571,0
"187",0.781428571428571,1.59428571428571,5.10677563933562,2013.890367,37600,1,1,1,3,1,-0.816142857142857,-12.2857142857143,-0.0795700076889041,-19.796,331.785714285714,18.5857142857143,78.55,0,8,26,0.647142857142857,0
"188",1.95857142857143,0.647142857142857,5.10677563933562,2013.890367,37600,1,1,1,3,1,-0.612285714285714,-11.9998571428571,-0.0750418499433803,-17.4081428571429,266.642857142857,15.15,78.1214285714286,0,8,27,0.485714285714286,0
"189",1.59428571428571,0.485714285714286,5.10677563933562,2013.890367,37600,1,1,1,3,1,-2.97971428571429,-15.5714285714286,0.0635485928054962,-18.143,345,13.9571428571429,82.95,0,8,28,1.46428571428571,0
"190",0.647142857142857,1.46428571428571,5.10677563933562,2013.890367,37600,1,1,1,3,1,-1.898,-10.9184285714286,0.0603844565221365,-17.612,457.071428571429,15.5785714285714,84.6642857142857,0,8,29,1.77714285714286,0
"191",0.485714285714286,1.77714285714286,5.10677563933562,2013.890367,37600,1,1,1,2.57142857142857,1,-1.36757142857143,-8.53071428571429,-0.0445874390654488,-15.2855714285714,422.5,17.0071428571429,80.5785714285714,0,8,30,1.13714285714286,0
"192",1.46428571428571,1.13714285714286,5.10677563933562,2013.890367,37600,1,1,1,2,1,-3.12257142857143,-12.5101428571429,-0.257764129194113,-16.1837142857143,124.428571428571,11.6142857142857,82.0571428571429,0.285714285714286,8,31,1.74428571428571,0
"193",1.77714285714286,1.74428571428571,5.10677563933562,2013.890367,37600,1,0.428571428571429,1,2,1,-2.73457142857143,-15.5712857142857,0.101104020413789,-16.5712857142857,172.285714285714,9.78571428571429,87.4642857142857,1,8,32,2.08714285714286,0
"194",1.13714285714286,2.08714285714286,5.10677563933562,2013.890367,37600,1,0,1,2,1,-3.38771428571429,-16.6937142857143,0.037795956463567,-18.5511428571429,113.214285714286,8.35,87.8642857142857,1,8,33,1.36571428571429,0
"195",1.74428571428571,1.36571428571429,5.10677563933562,2013.890367,37600,1,0,1,2,1,-4.20385714285714,-19.7141428571429,0.0338517852667515,-18.5102857142857,106.285714285714,5.31428571428571,89.7785714285714,0,8,34,1.23571428571429,0
"196",1.11714285714286,1.52428571428571,5.07577691647133,2918.501013,43000,1,1,1,3,1,3.97971428571429,-11.3262857142857,-0.0265221147567249,-16.9998571428571,504.714285714286,16.8428571428571,72.4714285714286,0,10,20,0.852857142857143,0
"197",3.63714285714286,0.852857142857143,5.07577691647133,2918.501013,43000,1,1,1,3,1,1.87742857142857,-14.2652857142857,-0.0377232866454555,-20.8365714285714,298.857142857143,15.7785714285714,78.4857142857143,0,10,21,0.742857142857143,0
"198",1.52428571428571,0.742857142857143,5.07577691647133,2918.501013,43000,1,1,1,3,1,-0.265285714285714,-14.898,0.0120757139080965,-24.1838571428571,356.928571428571,18.4714285714286,76.4428571428572,0,10,22,1.51285714285714,0
"199",0.852857142857143,1.51285714285714,5.07577691647133,2918.501013,43000,1,1,1,3,1,-1.10185714285714,-15.5508571428571,0.00436226757231495,-29.0001428571429,462.071428571429,20.7428571428571,76.4571428571429,0,10,23,0.638571428571429,0
"200",0.742857142857143,0.638571428571429,5.07577691647133,2918.501013,43000,1,1,1,3,1,-4.20414285714286,-17.9388571428571,0.0633840588505059,-31.7144285714286,461.785714285714,16.45,80.9214285714286,0,10,24,0.33,0
"201",1.51285714285714,0.33,5.07577691647133,2918.501013,43000,1,1,1,3,1,-0.449142857142857,-12.9594285714286,-0.0635670458733841,-24.102,367.928571428571,19.2857142857143,77.9785714285714,0,10,25,2.85714285714286,0
"202",0.638571428571429,2.85714285714286,5.07577691647133,2918.501013,43000,1,1,1,3,1,-0.816142857142857,-12.2857142857143,-0.0088521409461837,-19.796,331.785714285714,18.5857142857143,78.55,0,10,26,1.80285714285714,0
"203",0.33,1.80285714285714,5.07577691647133,2918.501013,43000,1,1,1,3,1,-0.612285714285714,-11.9998571428571,-0.0304768392430308,-17.4081428571429,266.642857142857,15.15,78.1214285714286,0,10,27,1.04857142857143,0
"204",2.85714285714286,1.04857142857143,5.07577691647133,2918.501013,43000,1,1,1,3,1,-2.97971428571429,-15.5714285714286,0.00633141046092867,-18.143,345,13.9571428571429,82.95,0,10,28,0.848571428571429,0
"205",1.80285714285714,0.848571428571429,5.07577691647133,2918.501013,43000,1,1,1,3,1,-1.898,-10.9184285714286,0.0328819817223387,-17.612,457.071428571429,15.5785714285714,84.6642857142857,0,10,29,1.13,0
"206",1.04857142857143,1.13,5.07577691647133,2918.501013,43000,1,1,1,2.57142857142857,1,-1.36757142857143,-8.53071428571429,-0.0312805251490644,-15.2855714285714,422.5,17.0071428571429,80.5785714285714,0,10,30,1.29,0
"207",0.848571428571429,1.29,5.07577691647133,2918.501013,43000,1,1,1,2,1,-3.12257142857143,-12.5101428571429,-0.0225656992209569,-16.1837142857143,124.428571428571,11.6142857142857,82.0571428571429,0.142857142857143,10,31,2.79714285714286,0
"208",1.13,2.79714285714286,5.07577691647133,2918.501013,43000,1,0.428571428571429,1,2,1,-2.73457142857143,-15.5712857142857,-0.0257743307203899,-16.5712857142857,172.285714285714,9.78571428571429,87.4642857142857,0,10,32,1.75285714285714,0
"209",1.29,1.75285714285714,5.07577691647133,2918.501013,43000,1,0,1,2,1,-3.38771428571429,-16.6937142857143,-0.00442217239476328,-18.5511428571429,113.214285714286,8.35,87.8642857142857,0,10,33,1.19571428571429,0
"210",2.79714285714286,1.19571428571429,5.07577691647133,2918.501013,43000,1,0,1,2,1,-4.20385714285714,-19.7141428571429,0.0124842186796794,-18.5102857142857,106.285714285714,5.31428571428571,89.7785714285714,0,10,34,1.27285714285714,0
"211",4.60142857142857,0.69,5.5336076070076,1821.65,36300,1,1,1,3,1,3.97971428571429,-11.3262857142857,0.0180330033807525,-16.9998571428571,485.285714285714,15.5928571428571,71.5714285714286,0,6,20,0.76,0
"212",1.37714285714286,0.76,5.5336076070076,1821.65,36300,1,1,1,3,1,1.87742857142857,-14.2652857142857,0.0222419131589966,-20.8365714285714,322.357142857143,14.4214285714286,78.6642857142857,0,6,21,0.828571428571429,0
"213",0.69,0.828571428571429,5.5336076070076,1821.65,36300,1,1,1,3,1,-0.265285714285714,-14.898,0.0442612249689542,-24.1838571428571,331.142857142857,16.8428571428571,76.9214285714286,0,6,22,1.09857142857143,0
"214",0.76,1.09857142857143,5.5336076070076,1821.65,36300,1,1,1,3,1,-1.10185714285714,-15.5508571428571,0.0220659191819497,-29.0001428571429,482.571428571429,19.25,75.5785714285714,0,6,23,1.43,0
"215",0.828571428571429,1.43,5.5336076070076,1821.65,36300,1,1,1,3,1,-4.20414285714286,-17.9388571428571,0.0385517364642975,-31.7144285714286,452.785714285714,15.2428571428571,78.7142857142857,0,6,24,1.56428571428571,0
"216",1.09857142857143,1.56428571428571,5.5336076070076,1821.65,36300,1,1,1,3,1,-0.449142857142857,-12.9594285714286,-0.0959445833385697,-24.102,369,18.1857142857143,75.9857142857143,0,6,25,0.72,0
"217",1.43,0.72,5.5336076070076,1821.65,36300,1,1,1,3,1,-0.816142857142857,-12.2857142857143,-0.00446333252534714,-19.796,345.928571428571,17.8285714285714,75.2071428571429,0,6,26,0.551428571428571,0
"218",1.56428571428571,0.551428571428571,5.5336076070076,1821.65,36300,1,1,1,3,1,-0.612285714285714,-11.9998571428571,-0.0459063930779759,-17.4081428571429,250.642857142857,13.8928571428571,77.6857142857143,0,6,27,0.571428571428571,0
"219",0.72,0.571428571428571,5.5336076070076,1821.65,36300,1,1,1,3,1,-2.97971428571429,-15.5714285714286,0.0237396089434565,-18.143,335.714285714286,12.6928571428571,80.3285714285714,0,6,28,0.522857142857143,0
"220",0.551428571428571,0.522857142857143,5.5336076070076,1821.65,36300,1,1,1,3,1,-1.898,-10.9184285714286,0.0354488175481382,-17.612,457.357142857143,14.5928571428571,81.9285714285714,0,6,29,2.44571428571429,0
"221",0.571428571428571,2.44571428571429,5.5336076070076,1821.65,36300,1,1,1,2.57142857142857,1,-1.36757142857143,-8.53071428571429,-0.0536173814421392,-15.2855714285714,453.285714285714,15.8357142857143,77.6785714285714,0,6,30,1.58142857142857,0
"222",0.522857142857143,1.58142857142857,5.5336076070076,1821.65,36300,1,1,1,2,1,-3.12257142857143,-12.5101428571429,-0.0824309391471196,-16.1837142857143,106.428571428571,10.3785714285714,78.9142857142857,0,6,31,2.46285714285714,0
"223",2.44571428571429,2.46285714285714,5.5336076070076,1821.65,36300,1,0.428571428571429,1,2,1,-2.73457142857143,-15.5712857142857,-0.0289924543497992,-16.5712857142857,170.214285714286,9.16428571428571,81.1214285714286,0.285714285714286,6,32,1.54142857142857,0
"224",1.58142857142857,1.54142857142857,5.5336076070076,1821.65,36300,1,0,1,2,1,-3.38771428571429,-16.6937142857143,-0.00542186030534531,-18.5511428571429,98.4285714285714,7.46428571428571,81.6357142857143,1,6,33,1.45571428571429,0
"225",2.46285714285714,1.45571428571429,5.5336076070076,1821.65,36300,1,0,1,2,1,-4.20385714285714,-19.7141428571429,-0.0311827316812732,-18.5102857142857,177.571428571429,4.60714285714286,82.8214285714286,1,6,34,1.53142857142857,0
"226",1.33142857142857,1.15714285714286,7.08638343513774,2224.941754,353700,1,2,1,3,1,3.97971428571429,-11.3262857142857,0.114377755424222,-16.9998571428571,578.464285714286,21.975,59.4357142857143,0,1,20,0.975714285714286,0
"227",2.28714285714286,0.975714285714286,7.08638343513774,2224.941754,353700,1,2,1,3,1,1.87742857142857,-14.2652857142857,0.0465652895795721,-20.8365714285714,418.464285714286,20.3982142857143,64.5232142857143,0,1,21,0.721428571428571,0
"228",1.15714285714286,0.721428571428571,7.08638343513774,2224.941754,353700,1,3,1,3,1,-0.265285714285714,-14.898,0.0307666078054893,-24.1838571428571,471.517857142857,21.8553571428571,68.2232142857143,0,1,22,0.921428571428571,0
"229",0.975714285714286,0.921428571428571,7.08638343513774,2224.941754,353700,1,3,1,3,1,-1.10185714285714,-15.5508571428571,-0.0379904598952852,-29.0001428571429,467.142857142857,23.7714285714286,69.8375,0,1,23,1.04142857142857,0
"230",0.721428571428571,1.04142857142857,7.08638343513774,2224.941754,353700,1,3,1,3,1,-4.20414285714286,-17.9388571428571,0.00132877721062385,-31.7144285714286,529.732142857143,22.1232142857143,59.2017857142857,0,1,24,1.29285714285714,0
"231",0.921428571428571,1.29285714285714,7.08638343513774,2224.941754,353700,1,3,1,3,1,-0.449142857142857,-12.9594285714286,-0.171786546833049,-24.102,394.803571428571,22.5,72.7267857142857,0,1,25,1.29,0
"232",1.04142857142857,1.29,7.08638343513774,2224.941754,353700,1,3,1,3,1,-0.816142857142857,-12.2857142857143,0.075897022509027,-19.796,434.285714285714,22.0696428571429,70.4607142857143,0,1,26,0.807142857142857,0
"233",1.29285714285714,0.807142857142857,7.08638343513774,2224.941754,353700,1,3,1,3,1,-0.612285714285714,-11.9998571428571,-0.010414673953143,-17.4081428571429,315.25,19.25,74.3053571428571,0,1,27,0.907142857142857,0
"234",1.29,0.907142857142857,7.08638343513774,2224.941754,353700,1,3,1,3,1,-2.97971428571429,-15.5714285714286,0.0550561543571355,-18.143,458.839285714286,17.4178571428571,74.1446428571429,0,1,28,1.21,0
"235",0.807142857142857,1.21,7.08638343513774,2224.941754,353700,1,3,1,3,1,-1.898,-10.9184285714286,-0.0093675241093667,-17.612,445.535714285714,19.1642857142857,79.6196428571429,0,1,29,0.975714285714286,0
"236",0.907142857142857,0.975714285714286,7.08638343513774,2224.941754,353700,1,3,1,2.57142857142857,1,-1.36757142857143,-8.53071428571429,-0.0370441219377984,-15.2855714285714,379.142857142857,20.1107142857143,77.0642857142857,0,1,30,0.93,0
"237",1.21,0.93,7.08638343513774,2224.941754,353700,1,3,1,2,1,-3.12257142857143,-12.5101428571429,0.00417363369057355,-16.1837142857143,141.946428571429,14.2214285714286,78.5232142857143,0,1,31,2.20571428571429,0
"238",0.975714285714286,2.20571428571429,7.08638343513774,2224.941754,353700,1,3,1,2,1,-2.73457142857143,-15.5712857142857,0.0617957247843819,-16.5712857142857,189.285714285714,12.9125,81.3517857142857,0,1,32,2.14428571428571,0
"239",0.93,2.14428571428571,7.08638343513774,2224.941754,353700,1,3,1.42857142857143,2,1,-3.38771428571429,-16.6937142857143,0.0357823259661654,-18.5511428571429,259.267857142857,11.5267857142857,74.7267857142857,0,1,33,1.85142857142857,0
"240",2.20571428571429,1.85142857142857,7.08638343513774,2224.941754,353700,1,3,2,2,1,-4.20385714285714,-19.7141428571429,-0.0431011789259905,-18.5102857142857,313.571428571429,8.95178571428571,69.3982142857143,0,1,34,1.58857142857143,0
"241",1.50428571428571,1.03571428571429,4.5807806207988,3836.569873,125400,1,1,1,3,1,3.97971428571429,-11.3262857142857,-0.0577018022635993,-16.9998571428571,584,19.5571428571429,62.7285714285714,0,15,20,0.865714285714286,0
"242",1.3,0.865714285714286,4.5807806207988,3836.569873,125400,1,1,1,3,1,1.87742857142857,-14.2652857142857,-0.072088001418722,-20.8365714285714,462.142857142857,18.0571428571429,71.6857142857143,0,15,21,1.18428571428571,0
"243",1.03571428571429,1.18428571428571,4.5807806207988,3836.569873,125400,1,1,1,3,1,-0.265285714285714,-14.898,-0.0244419979435673,-24.1838571428571,513.142857142857,21.3,69.1714285714286,0,15,22,1.01,0
"244",0.865714285714286,1.01,4.5807806207988,3836.569873,125400,1,1,1,3,1,-1.10185714285714,-15.5508571428571,-0.0450233573311234,-29.0001428571429,600.714285714286,23.5857142857143,67.3142857142857,0,15,23,0.887142857142857,0
"245",1.18428571428571,0.887142857142857,4.5807806207988,3836.569873,125400,1,1,1,3,1,-4.20414285714286,-17.9388571428571,0.0944030222529868,-31.7144285714286,547.285714285714,19.1,76.5571428571428,0,15,24,1.14,0
"246",1.01,1.14,4.5807806207988,3836.569873,125400,1,1,1,3,1,-0.449142857142857,-12.9594285714286,0.00105289860005797,-24.102,537,22.4142857142857,71.8714285714286,0,15,25,1.12428571428571,0
"247",0.887142857142857,1.12428571428571,4.5807806207988,3836.569873,125400,1,1.28571428571429,1,3,1,-0.816142857142857,-12.2857142857143,0.0828387604038809,-19.796,454.714285714286,21.2,72.8714285714286,0,15,26,1.10714285714286,0
"248",1.14,1.10714285714286,4.5807806207988,3836.569873,125400,1,2,1,3,1,-0.612285714285714,-11.9998571428571,0.015005403222073,-17.4081428571429,361.714285714286,17.3571428571429,74.2142857142857,0,15,27,1.17571428571429,0
"249",1.12428571428571,1.17571428571429,4.5807806207988,3836.569873,125400,1,2,1,3,1,-2.97971428571429,-15.5714285714286,-0.0110118665243402,-18.143,408,16.3714285714286,78.7571428571429,0,15,28,0.865714285714286,0
"250",1.10714285714286,0.865714285714286,4.5807806207988,3836.569873,125400,1,2,1,3,1,-1.898,-10.9184285714286,0.00812495193972929,-17.612,566.428571428571,17.8714285714286,80.1571428571429,0,15,29,0.741428571428571,0
"251",1.17571428571429,0.741428571428571,4.5807806207988,3836.569873,125400,1,2,1,2.57142857142857,1,-1.36757142857143,-8.53071428571429,-0.0153136473164448,-15.2855714285714,445.857142857143,19.6142857142857,81.0428571428571,0,15,30,1.25,0
"252",0.865714285714286,1.25,4.5807806207988,3836.569873,125400,1,2,1,2,1,-3.12257142857143,-12.5101428571429,0.0276038429992322,-16.1837142857143,147.142857142857,14.0428571428571,79.2,0,15,31,2.42571428571429,0
"253",0.741428571428571,2.42571428571429,4.5807806207988,3836.569873,125400,1,2,1,2,1,-2.73457142857143,-15.5712857142857,0.0245589713871048,-16.5712857142857,216.428571428571,11.5857142857143,86.4571428571429,0.285714285714286,15,32,1.84428571428571,0
"254",1.25,1.84428571428571,4.5807806207988,3836.569873,125400,1,2,1,2,1,-3.38771428571429,-16.6937142857143,-0.122333493698068,-18.5511428571429,148.285714285714,11.1,83.7571428571429,1,15,33,1.36428571428571,0
"255",2.42571428571429,1.36428571428571,4.5807806207988,3836.569873,125400,1,2,1,2,1,-4.20385714285714,-19.7141428571429,-0.00539583433998914,-18.5102857142857,104.857142857143,7.57142857142857,86.9857142857143,1,15,34,1.19571428571429,0
"256",2.02714285714286,0.857142857142857,4.7357926221336,2894.435352,157300,1,1,1,3,1,3.97971428571429,-11.3262857142857,-0.0233980557962781,-16.9998571428571,589.285714285714,15.7571428571429,72.0857142857143,0,13,20,0.685714285714286,0
"257",1.10857142857143,0.685714285714286,4.7357926221336,2894.435352,157300,1,1,1,3,1,1.87742857142857,-14.2652857142857,-0.0401595330752329,-20.8365714285714,459.428571428571,14.5857142857143,79.1285714285714,0,13,21,1.21285714285714,0
"258",0.857142857142857,1.21285714285714,4.7357926221336,2894.435352,157300,1,1,1,3,1,-0.265285714285714,-14.898,-0.000226283594649601,-24.1838571428571,409.142857142857,18.0142857142857,73.0857142857143,0,13,22,1.20428571428571,0
"259",0.685714285714286,1.20428571428571,4.7357926221336,2894.435352,157300,1,1,1,3,1,-1.10185714285714,-15.5508571428571,-0.0308632237886926,-29.0001428571429,585.428571428571,20.3428571428571,75.0428571428571,0,13,23,0.955714285714286,0
"260",1.21285714285714,0.955714285714286,4.7357926221336,2894.435352,157300,1,1,1,3,1,-4.20414285714286,-17.9388571428571,0.0966635652338983,-31.7144285714286,564.285714285714,15.7857142857143,81.0285714285714,0,13,24,1.17428571428571,0
"261",1.20428571428571,1.17428571428571,4.7357926221336,2894.435352,157300,1,1,1,3,1,-0.449142857142857,-12.9594285714286,-0.0602665794357868,-24.102,558.428571428571,19.4285714285714,75.5285714285714,0,13,25,1.12285714285714,0
"262",0.955714285714286,1.12285714285714,4.7357926221336,2894.435352,157300,1,1,1,3,1,-0.816142857142857,-12.2857142857143,0.015273882919244,-19.796,387.571428571429,17.9428571428571,76.3857142857143,0,13,26,0.868571428571429,0
"263",1.17428571428571,0.868571428571429,4.7357926221336,2894.435352,157300,1,1,1,3,1,-0.612285714285714,-11.9998571428571,-0.00175700183630134,-17.4081428571429,317.714285714286,14.3,76.9285714285714,0,13,27,1.05428571428571,0
"264",1.12285714285714,1.05428571428571,4.7357926221336,2894.435352,157300,1,1,1,3,1,-2.97971428571429,-15.5714285714286,0.0076149835640642,-18.143,370.428571428571,13.1428571428571,82.9714285714286,0,13,28,1.04428571428571,0
"265",0.868571428571429,1.04428571428571,4.7357926221336,2894.435352,157300,1,1,1,3,1,-1.898,-10.9184285714286,0.0197818302454671,-17.612,553.142857142857,15.0285714285714,84.8571428571429,0,13,29,0.832857142857143,0
"266",1.05428571428571,0.832857142857143,4.7357926221336,2894.435352,157300,1,1,1,2.57142857142857,1,-1.36757142857143,-8.53071428571429,-0.0271925590943098,-15.2855714285714,548,16.7857142857143,82.5428571428571,0,13,30,1.41571428571429,0
"267",1.04428571428571,1.41571428571429,4.7357926221336,2894.435352,157300,1,1,1,2,1,-3.12257142857143,-12.5101428571429,-0.0215991893557188,-16.1837142857143,132.142857142857,10.5142857142857,84.8428571428571,0,13,31,2.64571428571429,0
"268",0.832857142857143,2.64571428571429,4.7357926221336,2894.435352,157300,1,0.428571428571429,1,2,1,-2.73457142857143,-15.5712857142857,-0.00259842665885834,-16.5712857142857,296.857142857143,9.05714285714286,87.5142857142857,1,13,32,2,0
"269",1.41571428571429,2,4.7357926221336,2894.435352,157300,1,0,1,2,1,-3.38771428571429,-16.6937142857143,-0.0180315725069402,-18.5511428571429,154.714285714286,8.24285714285714,84.2571428571429,0.714285714285714,13,33,1.42,0
"270",2.64571428571429,1.42,4.7357926221336,2894.435352,157300,1,0,1,2,1,-4.20385714285714,-19.7141428571429,0.00552690880093465,-18.5102857142857,101.142857142857,4.21428571428571,90.1428571428571,0,13,34,1.15857142857143,0.428571428571429
"271",1.45857142857143,1.36,5.62946538556295,2025.213033,40300,1,1,1,3,1,3.97971428571429,-11.3262857142857,0.0193856767242053,-16.9998571428571,419.571428571429,16.6428571428571,72.4214285714286,0,14,20,1.40857142857143,0
"272",1.27,1.40857142857143,5.62946538556295,2025.213033,40300,1,1,1,3,1,1.87742857142857,-14.2652857142857,-0.0123583135410819,-20.8365714285714,247.714285714286,15.5071428571429,78.9857142857143,0,14,21,0.73,0
"273",1.36,0.73,5.62946538556295,2025.213033,40300,1,1,1,3,1,-0.265285714285714,-14.898,-0.0256730245545871,-24.1838571428571,238.214285714286,18.0357142857143,78.5357142857143,0,14,22,1.17857142857143,0
"274",1.40857142857143,1.17857142857143,5.62946538556295,2025.213033,40300,1,1,1,3,1,-1.10185714285714,-15.5508571428571,0.00928123610421139,-29.0001428571429,400.571428571429,20.6,76.6,0,14,23,1.33714285714286,0
"275",0.73,1.33714285714286,5.62946538556295,2025.213033,40300,1,1,1,3,1,-4.20414285714286,-17.9388571428571,0.0844127307532574,-31.7144285714286,432.5,16.5642857142857,79.5142857142857,0,14,24,1.21285714285714,0
"276",1.17857142857143,1.21285714285714,5.62946538556295,2025.213033,40300,1,1,1,3,1,-0.449142857142857,-12.9594285714286,-0.0485677047898978,-24.102,342.142857142857,18.8071428571429,79.7,0,14,25,1.09142857142857,0
"277",1.33714285714286,1.09142857142857,5.62946538556295,2025.213033,40300,1,1,1,3,1,-0.816142857142857,-12.2857142857143,-0.0800143025726108,-19.796,262.5,18.2928571428571,79.1928571428571,0,14,26,0.577142857142857,0
"278",1.21285714285714,0.577142857142857,5.62946538556295,2025.213033,40300,1,1,1,3,1,-0.612285714285714,-11.9998571428571,0.0135296900622439,-17.4081428571429,196.785714285714,14.8,79.4571428571429,0,14,27,0.59,0
"279",1.09142857142857,0.59,5.62946538556295,2025.213033,40300,1,1,1,3,1,-2.97971428571429,-15.5714285714286,0.0373949591332341,-18.143,242.071428571429,13.8214285714286,83.2142857142857,0,14,28,1.35285714285714,0
"280",0.577142857142857,1.35285714285714,5.62946538556295,2025.213033,40300,1,1,1,3,1,-1.898,-10.9184285714286,0.0372747233709685,-17.612,381.142857142857,15.9857142857143,82.8928571428571,0,14,29,1.74714285714286,0
"281",0.59,1.74714285714286,5.62946538556295,2025.213033,40300,1,1,1,2.57142857142857,1,-1.36757142857143,-8.53071428571429,-0.038328060009384,-15.2855714285714,363.357142857143,17.2142857142857,79.6142857142857,0,14,30,1.20428571428571,0
"282",1.35285714285714,1.20428571428571,5.62946538556295,2025.213033,40300,1,1,1,2,1,-3.12257142857143,-12.5101428571429,-0.0288008080855597,-16.1837142857143,87.0714285714286,11.2071428571429,86.45,0,14,31,1.24571428571429,0
"283",1.74714285714286,1.24571428571429,5.62946538556295,2025.213033,40300,1,0.428571428571429,1,2,1,-2.73457142857143,-15.5712857142857,0.0183243038017959,-16.5712857142857,176.5,10.5428571428571,81.1642857142857,0.285714285714286,14,32,2.05142857142857,0
"284",1.20428571428571,2.05142857142857,5.62946538556295,2025.213033,40300,1,0,1,2,1,-3.38771428571429,-16.6937142857143,-0.0445091374547548,-18.5511428571429,69.2142857142857,8.44285714285714,86.9214285714286,1,14,33,1.64428571428571,0
"285",1.24571428571429,1.64428571428571,5.62946538556295,2025.213033,40300,1,0,1,2,1,-4.20385714285714,-19.7141428571429,-0.00758927902012019,-18.5102857142857,164.214285714286,5.31428571428571,85.0785714285714,1,14,34,1.31142857142857,0
"286",2.00857142857143,0.832857142857143,5.0674127823877,2615.916117,504700,1,1,1,3,1,3.97971428571429,-11.3262857142857,-0.0615583468274981,-16.9998571428571,567.464285714286,17.9464285714286,68.7642857142857,0,23,20,1.01714285714286,0
"287",1.35,1.01714285714286,5.0674127823877,2615.916117,504700,1,1,1,3,1,1.87742857142857,-14.2652857142857,-0.0560130696155952,-20.8365714285714,433.25,16.5107142857143,76.1071428571429,0,23,21,1.15428571428571,0
"288",0.832857142857143,1.15428571428571,5.0674127823877,2615.916117,504700,1,1,1,3,1,-0.265285714285714,-14.898,-0.020087268321749,-24.1838571428571,468.821428571429,19.8821428571429,71.7428571428571,0,23,22,1.06142857142857,0
"289",1.01714285714286,1.06142857142857,5.0674127823877,2615.916117,504700,1,1,1,3,1,-1.10185714285714,-15.5508571428571,-0.0304489541767339,-29.0001428571429,590.321428571429,22.1964285714286,70.8035714285714,0,23,23,1.18,0
"290",1.15428571428571,1.18,5.0674127823877,2615.916117,504700,1,1,1,3,1,-4.20414285714286,-17.9388571428571,0.145945156145414,-31.7144285714286,551.607142857143,17.8892857142857,78.1821428571429,0,23,24,1.10428571428571,0
"291",1.06142857142857,1.10428571428571,5.0674127823877,2615.916117,504700,1,1,1,3,1,-0.449142857142857,-12.9594285714286,-0.00665131479530601,-24.102,499.321428571429,21.225,73.1178571428571,0,23,25,0.922857142857143,0
"292",1.18,0.922857142857143,5.0674127823877,2615.916117,504700,1,1,1,3,1,-0.816142857142857,-12.2857142857143,-0.0638885191198177,-19.796,374.714285714286,20.1428571428571,73.1357142857143,0,23,26,0.874285714285714,0
"293",1.10428571428571,0.874285714285714,5.0674127823877,2615.916117,504700,1,1,1,3,1,-0.612285714285714,-11.9998571428571,0.0592346834797617,-17.4081428571429,289.535714285714,16.3607142857143,75.4821428571429,0,23,27,1.37857142857143,0
"294",0.922857142857143,1.37857142857143,5.0674127823877,2615.916117,504700,1,1,1,3,1,-2.97971428571429,-15.5714285714286,-0.00558101167259828,-18.143,328.607142857143,15.1607142857143,81.5357142857143,0,23,28,1.25857142857143,0
"295",0.874285714285714,1.25857142857143,5.0674127823877,2615.916117,504700,1,1,1,3,1,-1.898,-10.9184285714286,0.014493595479756,-17.612,540.357142857143,16.6821428571429,81.7892857142857,0,23,29,1.01428571428571,0
"296",1.37857142857143,1.01428571428571,5.0674127823877,2615.916117,504700,1,1,1,2.57142857142857,1,-1.36757142857143,-8.53071428571429,-0.028341810659505,-15.2855714285714,488.642857142857,18.2,81.4428571428571,0,23,30,0.915714285714286,0
"297",1.25857142857143,0.915714285714286,5.0674127823877,2615.916117,504700,1,1,1,2,1,-3.12257142857143,-12.5101428571429,0.0239432746386363,-16.1837142857143,178.678571428571,12.725,82.6892857142857,0.142857142857143,23,31,1.69571428571429,0
"298",1.01428571428571,1.69571428571429,5.0674127823877,2615.916117,504700,1,0.428571428571429,1,2,1,-2.73457142857143,-15.5712857142857,-0.0133203524006493,-16.5712857142857,245.178571428571,11.4214285714286,81.8321428571429,1,23,32,1.81428571428571,0
"299",0.915714285714286,1.81428571428571,5.0674127823877,2615.916117,504700,1,0,1,2,1,-3.38771428571429,-16.6937142857143,-0.0258155292661346,-18.5511428571429,126.678571428571,10.0678571428571,83.8428571428571,1,23,33,1.67428571428571,0
"300",1.69571428571429,1.67428571428571,5.0674127823877,2615.916117,504700,1,0,1,2,1,-4.20385714285714,-19.7141428571429,0.0155862889100202,-18.5102857142857,146.964285714286,6.25714285714286,87.2035714285714,1,23,34,1.44857142857143,0
"301",1.82428571428571,0.904285714285714,4.90406197722954,4024.150704,1504300,1,1,1,3,1,3.97971428571429,-11.3262857142857,0.000243929706689627,-16.9998571428571,643.142857142857,19.0714285714286,62.1357142857143,0,18,20,1.05,0
"302",1.24571428571429,1.05,4.90406197722954,4024.150704,1504300,1,1,1,3,1,1.87742857142857,-14.2652857142857,-0.100680784863417,-20.8365714285714,450.892857142857,17.6285714285714,70.3892857142857,0,18,21,1.02285714285714,0
"303",0.904285714285714,1.02285714285714,4.90406197722954,4024.150704,1504300,1,1,1,3,1,-0.265285714285714,-14.898,-0.028997954966492,-24.1838571428571,486.178571428571,21.0107142857143,65.2714285714286,0,18,22,1.10571428571429,0
"304",1.05,1.10571428571429,4.90406197722954,4024.150704,1504300,1,1,1,3,1,-1.10185714285714,-15.5508571428571,-0.0578849593369259,-29.0001428571429,602.25,23.2821428571429,63.4785714285714,0,18,23,1.29857142857143,0
"305",1.02285714285714,1.29857142857143,4.90406197722954,4024.150704,1504300,1,1,1,3,1,-4.20414285714286,-17.9388571428571,0.0922007733081482,-31.7144285714286,573.071428571429,18.8321428571429,75.0464285714286,0,18,24,1.23285714285714,0
"306",1.10571428571429,1.23285714285714,4.90406197722954,4024.150704,1504300,1,1,1,3,1,-0.449142857142857,-12.9594285714286,0.0622452615959617,-24.102,505.964285714286,22.4321428571429,68.5857142857143,0,18,25,1.09285714285714,0
"307",1.29857142857143,1.09285714285714,4.90406197722954,4024.150704,1504300,1,1,1,3,1,-0.816142857142857,-12.2857142857143,0.00525713407853701,-19.796,434.535714285714,21.0142857142857,69.3392857142857,0,18,26,1.05428571428571,0
"308",1.23285714285714,1.05428571428571,4.90406197722954,4024.150704,1504300,1,1.57142857142857,1,3,1,-0.612285714285714,-11.9998571428571,0.00930223455942603,-17.4081428571429,316.678571428571,17.1035714285714,72.025,0,18,27,1.04714285714286,0
"309",1.09285714285714,1.04714285714286,4.90406197722954,4024.150704,1504300,1,2,1,3,1,-2.97971428571429,-15.5714285714286,-0.018962027662381,-18.143,387.678571428571,16.1714285714286,76.4071428571429,0,18,28,0.957142857142857,0
"310",1.05428571428571,0.957142857142857,4.90406197722954,4024.150704,1504300,1,2,1,3,1,-1.898,-10.9184285714286,0.00699958413971657,-17.612,618.321428571429,17.4535714285714,76.1857142857143,0,18,29,0.878571428571429,0
"311",1.04714285714286,0.878571428571429,4.90406197722954,4024.150704,1504300,1,2,1,2.57142857142857,1,-1.36757142857143,-8.53071428571429,-0.0103961905861905,-15.2855714285714,463.928571428571,19.1178571428571,77.8071428571429,0,18,30,1.11285714285714,0
"312",0.957142857142857,1.11285714285714,4.90406197722954,4024.150704,1504300,1,2,1,2,1,-3.12257142857143,-12.5101428571429,0.0232601157596548,-16.1837142857143,128.785714285714,13.5428571428571,79.5142857142857,0,18,31,1.56142857142857,0
"313",0.878571428571429,1.56142857142857,4.90406197722954,4024.150704,1504300,1,2,1.42857142857143,2,1,-2.73457142857143,-15.5712857142857,0.0286601866238065,-16.5712857142857,233.428571428571,11.5571428571429,82.1107142857143,0,18,32,1.56714285714286,0
"314",1.11285714285714,1.56714285714286,4.90406197722954,4024.150704,1504300,1,2,2,2,1,-3.38771428571429,-16.6937142857143,-0.11245233555338,-18.5511428571429,155.107142857143,10.8892857142857,81.1357142857143,1,18,33,1.50857142857143,0
"315",1.56142857142857,1.50857142857143,4.90406197722954,4024.150704,1504300,1,2.57142857142857,2,2,1,-4.20385714285714,-19.7141428571429,-0.00329135126773217,-18.5102857142857,106.821428571429,7.125,84.5178571428571,0.857142857142857,18,34,1.4,0
"316",1.34285714285714,1.58,6.30252100840336,2409.374082,81400,1,1,1,3,1,3.97971428571429,-11.3262857142857,-0.0439747170750184,-16.9998571428571,641,18.8357142857143,61,0,26,20,1.09285714285714,0
"317",1.42714285714286,1.09285714285714,6.30252100840336,2409.374082,81400,1,1,1,3,1,1.87742857142857,-14.2652857142857,-0.0556223851669486,-20.8365714285714,392.428571428571,17.9142857142857,66.7714285714286,0,26,21,0.96,0
"318",1.58,0.96,6.30252100840336,2409.374082,81400,1,1,1,3,1,-0.265285714285714,-14.898,0.0147216493999647,-24.1838571428571,491.071428571429,20.7142857142857,62.2428571428571,0,26,22,1.58428571428571,0
"319",1.09285714285714,1.58428571428571,6.30252100840336,2409.374082,81400,1,1,1,3,1,-1.10185714285714,-15.5508571428571,-0.0340575114016914,-29.0001428571429,566.642857142857,23.1071428571429,57.7642857142857,0,26,23,1.07285714285714,0
"320",0.96,1.07285714285714,6.30252100840336,2409.374082,81400,1,1,1,3,1,-4.20414285714286,-17.9388571428571,0.117666814554783,-31.7144285714286,549.642857142857,19.2571428571429,74.1928571428571,0,26,24,0.851428571428571,0
"321",1.58428571428571,0.851428571428571,6.30252100840336,2409.374082,81400,1,1,1,3,1,-0.449142857142857,-12.9594285714286,0.00583917145866231,-24.102,466,22.2642857142857,70.7642857142857,0,26,25,0.524285714285714,0
"322",1.07285714285714,0.524285714285714,6.30252100840336,2409.374082,81400,1,1,1,3,1,-0.816142857142857,-12.2857142857143,-0.0620825747466789,-19.796,448.642857142857,20.3571428571429,74.45,0,26,26,0.737142857142857,0
"323",0.851428571428571,0.737142857142857,6.30252100840336,2409.374082,81400,1,1,1,3,1,-0.612285714285714,-11.9998571428571,0.0333967688864956,-17.4081428571429,233.214285714286,16.3357142857143,75.75,0,26,27,1.45571428571429,0
"324",0.524285714285714,1.45571428571429,6.30252100840336,2409.374082,81400,1,1,1,3,1,-2.97971428571429,-15.5714285714286,-0.00255678396883852,-18.143,370.428571428571,15.9285714285714,77.2214285714286,0,26,28,1.18285714285714,0
"325",0.737142857142857,1.18285714285714,6.30252100840336,2409.374082,81400,1,1,1,3,1,-1.898,-10.9184285714286,-0.0030946979160813,-17.612,604,17.3714285714286,71.95,0,26,29,0.925714285714286,0
"326",1.45571428571429,0.925714285714286,6.30252100840336,2409.374082,81400,1,1,1,2.57142857142857,1,-1.36757142857143,-8.53071428571429,-0.0360686805654478,-15.2855714285714,471.928571428571,18.4857142857143,76.1785714285714,0,26,30,1.30142857142857,0
"327",1.18285714285714,1.30142857142857,6.30252100840336,2409.374082,81400,1,1,1,2,1,-3.12257142857143,-12.5101428571429,-0.00254954766053572,-16.1837142857143,178.714285714286,13.0357142857143,83.3428571428571,0.285714285714286,26,31,1.65285714285714,0
"328",0.925714285714286,1.65285714285714,6.30252100840336,2409.374082,81400,1,0.428571428571429,1,2,1,-2.73457142857143,-15.5712857142857,0.0134121655405632,-16.5712857142857,240.142857142857,11.2857142857143,83.7428571428571,1,26,32,1.45285714285714,0
"329",1.30142857142857,1.45285714285714,6.30252100840336,2409.374082,81400,1,0,1,2,1,-3.38771428571429,-16.6937142857143,-0.0730439996072363,-18.5511428571429,102,10.5285714285714,86.7714285714286,1,26,33,1.74857142857143,0
"330",1.65285714285714,1.74857142857143,6.30252100840336,2409.374082,81400,1,0,1,2,1,-4.20385714285714,-19.7141428571429,0.0214939917844621,-18.5102857142857,111,7.1,85.7785714285714,0.857142857142857,26,34,1.67,0
"331",2.01714285714286,0.954285714285714,5.35846334205068,2475.750784,55200,1,1,1,3,1,3.97971428571429,-11.3262857142857,-0.0426553599287018,-16.9998571428571,567.464285714286,17.9464285714286,68.7642857142857,0,21,20,0.63,0
"332",1.01,0.63,5.35846334205068,2475.750784,55200,1,1,1,3,1,1.87742857142857,-14.2652857142857,-0.0887497314853913,-20.8365714285714,433.25,16.5107142857143,76.1071428571429,0,21,21,0.911428571428571,0
"333",0.954285714285714,0.911428571428571,5.35846334205068,2475.750784,55200,1,1,1,3,1,-0.265285714285714,-14.898,-0.0275792399736972,-24.1838571428571,468.821428571429,19.8821428571429,71.7428571428571,0,21,22,1.32428571428571,0
"334",0.63,1.32428571428571,5.35846334205068,2475.750784,55200,1,1,1,3,1,-1.10185714285714,-15.5508571428571,0.0466972957726597,-29.0001428571429,590.321428571429,22.1964285714286,70.8035714285714,0,21,23,1.88714285714286,0
"335",0.911428571428571,1.88714285714286,5.35846334205068,2475.750784,55200,1,1,1,3,1,-4.20414285714286,-17.9388571428571,0.122791820951409,-31.7144285714286,551.607142857143,17.8892857142857,78.1821428571429,0,21,24,1.49285714285714,0
"336",1.32428571428571,1.49285714285714,5.35846334205068,2475.750784,55200,1,1,1,3,1,-0.449142857142857,-12.9594285714286,0.00532996185655854,-24.102,499.321428571429,21.225,73.1178571428571,0,21,25,0.911428571428571,0
"337",1.88714285714286,0.911428571428571,5.35846334205068,2475.750784,55200,1,1,1,3,1,-0.816142857142857,-12.2857142857143,-0.0726632401871612,-19.796,374.714285714286,20.1428571428571,73.1357142857143,0,21,26,0.784285714285714,0
"338",1.49285714285714,0.784285714285714,5.35846334205068,2475.750784,55200,1,1,1,3,1,-0.612285714285714,-11.9998571428571,0.0133173062595695,-17.4081428571429,289.535714285714,16.3607142857143,75.4821428571429,0,21,27,1.55,0
"339",0.911428571428571,1.55,5.35846334205068,2475.750784,55200,1,1,1,3,1,-2.97971428571429,-15.5714285714286,0.0048901490805271,-18.143,328.607142857143,15.1607142857143,81.5357142857143,0,21,28,1.22571428571429,0
"340",0.784285714285714,1.22571428571429,5.35846334205068,2475.750784,55200,1,1,1,3,1,-1.898,-10.9184285714286,0.0408206580229873,-17.612,540.357142857143,16.6821428571429,81.7892857142857,0,21,29,0.791428571428571,0
"341",1.55,0.791428571428571,5.35846334205068,2475.750784,55200,1,1,1,2.57142857142857,1,-1.36757142857143,-8.53071428571429,-0.0343097738737033,-15.2855714285714,488.642857142857,18.2,81.4428571428571,0,21,30,1.23,0
"342",1.22571428571429,1.23,5.35846334205068,2475.750784,55200,1,1,1,2,1,-3.12257142857143,-12.5101428571429,-0.0615586833705013,-16.1837142857143,178.678571428571,12.725,82.6892857142857,0,21,31,1.79428571428571,0
"343",0.791428571428571,1.79428571428571,5.35846334205068,2475.750784,55200,1,0.428571428571429,1,2,1,-2.73457142857143,-15.5712857142857,-0.0119685349484424,-16.5712857142857,245.178571428571,11.4214285714286,81.8321428571429,0,21,32,1.62285714285714,0
"344",1.23,1.62285714285714,5.35846334205068,2475.750784,55200,1,0,1,2,1,-3.38771428571429,-16.6937142857143,-0.0356969706347599,-18.5511428571429,126.678571428571,10.0678571428571,83.8428571428571,1,21,33,1.69428571428571,0
"345",1.79428571428571,1.69428571428571,5.35846334205068,2475.750784,55200,1,0,1,2,1,-4.20385714285714,-19.7141428571429,0.0294788140689679,-18.5102857142857,146.964285714286,6.25714285714286,87.2035714285714,0.714285714285714,21,34,1.41285714285714,0
"346",1,1,5.90277777777778,1985.854859,16100,1,1,1,3,1,3.97971428571429,-11.3262857142857,0.00699289577163498,-16.9998571428571,567.464285714286,17.9464285714286,68.7642857142857,0,19,20,1,0
"347",1,1,5.90277777777778,1985.854859,16100,1,1,1,3,1,1.87742857142857,-14.2652857142857,0.0362097737991895,-20.8365714285714,433.25,16.5107142857143,76.1071428571429,0,19,21,1,0
"348",1,1,5.90277777777778,1985.854859,16100,1,1,1,3,1,-0.265285714285714,-14.898,0.0615842595309051,-24.1838571428571,468.821428571429,19.8821428571429,71.7428571428571,0,19,22,1,0
"349",1,1,5.90277777777778,1985.854859,16100,1,1,1,3,1,-1.10185714285714,-15.5508571428571,-0.0205395470052832,-29.0001428571429,590.321428571429,22.1964285714286,70.8035714285714,0,19,23,1,0
"350",1,1,5.90277777777778,1985.854859,16100,1,1,1,3,1,-4.20414285714286,-17.9388571428571,0.0468047989920688,-31.7144285714286,551.607142857143,17.8892857142857,78.1821428571429,0,19,24,1,0
"351",1,1,5.90277777777778,1985.854859,16100,1,1,1,3,1,-0.449142857142857,-12.9594285714286,-0.155981408405045,-24.102,499.321428571429,21.225,73.1178571428571,0,19,25,1,0
"352",1,1,5.90277777777778,1985.854859,16100,1,1,1,3,1,-0.816142857142857,-12.2857142857143,0.0352614225537362,-19.796,374.714285714286,20.1428571428571,73.1357142857143,0,19,26,1.00428571428571,0
"353",1,1.00428571428571,5.90277777777778,1985.854859,16100,1,1,1,3,1,-0.612285714285714,-11.9998571428571,-0.0785720535623824,-17.4081428571429,289.535714285714,16.3607142857143,75.4821428571429,0,19,27,4.53714285714286,0
"354",1,4.53714285714286,5.90277777777778,1985.854859,16100,1,1,1,3,1,-2.97971428571429,-15.5714285714286,0.0725612478926241,-18.143,328.607142857143,15.1607142857143,81.5357142857143,0,19,28,2.37142857142857,0
"355",1.00428571428571,2.37142857142857,5.90277777777778,1985.854859,16100,1,1,1,3,1,-1.898,-10.9184285714286,0.124477110730574,-17.612,540.357142857143,16.6821428571429,81.7892857142857,0,19,29,1.21428571428571,0
"356",4.53714285714286,1.21428571428571,5.90277777777778,1985.854859,16100,1,1,1,2.57142857142857,1,-1.36757142857143,-8.53071428571429,-0.048687934324926,-15.2855714285714,488.642857142857,18.2,81.4428571428571,0,19,30,0.837142857142857,0
"357",2.37142857142857,0.837142857142857,5.90277777777778,1985.854859,16100,1,1,1,2,1,-3.12257142857143,-12.5101428571429,-0.240899639956108,-16.1837142857143,178.678571428571,12.725,82.6892857142857,0,19,31,1.76,0
"358",1.21428571428571,1.76,5.90277777777778,1985.854859,16100,1,0.428571428571429,1,2,1,-2.73457142857143,-15.5712857142857,0.115593372293352,-16.5712857142857,245.178571428571,11.4214285714286,81.8321428571429,0.285714285714286,19,32,2.65571428571429,0
"359",0.837142857142857,2.65571428571429,5.90277777777778,1985.854859,16100,1,0,1,2,1,-3.38771428571429,-16.6937142857143,-0.00273069256161307,-18.5511428571429,126.678571428571,10.0678571428571,83.8428571428571,1,19,33,1.50142857142857,0
"360",1.76,1.50142857142857,5.90277777777778,1985.854859,16100,1,0,1,2,1,-4.20385714285714,-19.7141428571429,-0.0406975509013794,-18.5102857142857,146.964285714286,6.25714285714286,87.2035714285714,1,19,34,1.14571428571429,0
"361",2.32714285714286,1.23857142857143,5.81948638585878,1430.996177,197900,1,1,1,3,1,3.97971428571429,-11.3262857142857,0.10632701860351,-16.9998571428571,554.761904761905,15.7571428571429,65.4452380952381,0,7,20,1.63285714285714,0
"362",1.11428571428571,1.63285714285714,5.81948638585878,1430.996177,197900,1,1,1,3,1,1.87742857142857,-14.2652857142857,0.076484549038625,-20.8365714285714,333.178571428571,14.1845238095238,72.4357142857143,0,7,21,1.96714285714286,0
"363",1.23857142857143,1.96714285714286,5.81948638585878,1430.996177,197900,1,1,1,3,1,-0.265285714285714,-14.898,0.0884752875972143,-24.1838571428571,358.678571428571,16.3809523809524,71.3309523809524,0,7,22,0.771428571428571,0
"364",1.63285714285714,0.771428571428571,5.81948638585878,1430.996177,197900,1,1,1,3,1,-1.10185714285714,-15.5508571428571,0.017825818765548,-29.0001428571429,480.595238095238,18.8928571428572,70.5380952380952,0,7,23,0.568571428571429,0
"365",1.96714285714286,0.568571428571429,5.81948638585878,1430.996177,197900,1,1,1,3,1,-4.20414285714286,-17.9388571428571,-0.0116200174966661,-31.7144285714286,479.619047619048,15.6952380952381,72.9702380952381,0,7,24,1.07,0
"366",0.771428571428571,1.07,5.81948638585878,1430.996177,197900,1,1,1,3,1,-0.449142857142857,-12.9594285714286,-0.13669392237612,-24.102,346.095238095238,17.4535714285714,74.8464285714286,0,7,25,1.48285714285714,0
"367",0.568571428571429,1.48285714285714,5.81948638585878,1430.996177,197900,1,1,1,3,1,-0.816142857142857,-12.2857142857143,-0.0857019373877019,-19.796,357.738095238095,16.677380952381,75.3333333333333,0,7,26,0.932857142857143,0
"368",1.07,0.932857142857143,5.81948638585878,1430.996177,197900,1,1,1,3,1,-0.612285714285714,-11.9998571428571,-0.0597541774392152,-17.4081428571429,293.47619047619,13.5440476190476,77.8309523809524,0,7,27,1.00857142857143,0
"369",1.48285714285714,1.00857142857143,5.81948638585878,1430.996177,197900,1,1,1,3,1,-2.97971428571429,-15.5714285714286,-0.00676647717050116,-18.143,345.119047619048,12.1880952380952,77.5833333333333,0,7,28,1.21857142857143,0
"370",0.932857142857143,1.21857142857143,5.81948638585878,1430.996177,197900,1,1,1,3,1,-1.898,-10.9184285714286,0.0330061024652792,-17.612,444.595238095238,14.4714285714286,80.777380952381,0,7,29,0.69,0
"371",1.00857142857143,0.69,5.81948638585878,1430.996177,197900,1,1,1,2.57142857142857,1,-1.36757142857143,-8.53071428571429,-0.0097764557063762,-15.2855714285714,439.571428571429,15.4404761904762,75.9095238095238,0,7,30,1.25,0
"372",1.21857142857143,1.25,5.81948638585878,1430.996177,197900,1,1,1,2,1,-3.12257142857143,-12.5101428571429,-0.10470293386323,-16.1837142857143,111.261904761905,8.80595238095238,83.9678571428571,0,7,31,2.14714285714286,0
"373",0.69,2.14714285714286,5.81948638585878,1430.996177,197900,1,0.428571428571429,1,2,1,-2.73457142857143,-15.5712857142857,0.103607693485413,-16.5712857142857,174.297619047619,8.10238095238095,80.5666666666666,0,7,32,1.66714285714286,0
"374",1.25,1.66714285714286,5.81948638585878,1430.996177,197900,1,0,1,2,1,-3.38771428571429,-16.6937142857143,0.0916981835304647,-18.5511428571429,151.952380952381,6.50714285714286,79.9607142857143,0,7,33,1.51285714285714,0
"375",2.14714285714286,1.51285714285714,5.81948638585878,1430.996177,197900,1,0,1,2,1,-4.20385714285714,-19.7141428571429,-0.130207511040568,-18.5102857142857,229.797619047619,3.06666666666667,76.0071428571429,1,7,34,1.49714285714286,0.285714285714286
"376",1.92428571428571,1.28428571428571,4.66934003942092,2271.750205,273800,1,1,1,3,1,3.97971428571429,-11.3262857142857,-0.0572182960061625,-16.9998571428571,599.714285714286,18.3321428571429,66.9535714285714,0,25,20,1.45857142857143,0
"377",0.904285714285714,1.45857142857143,4.66934003942092,2271.750205,273800,1,1,1,3,1,1.87742857142857,-14.2652857142857,-0.0619364210394515,-20.8365714285714,442.785714285714,16.9,75.2071428571429,0,25,21,0.901428571428571,0
"378",1.28428571428571,0.901428571428571,4.66934003942092,2271.750205,273800,1,1,1,3,1,-0.265285714285714,-14.898,-0.000592823429821365,-24.1838571428571,491.357142857143,20.1,70.2678571428571,0,25,22,0.9,0
"379",1.45857142857143,0.9,4.66934003942092,2271.750205,273800,1,1,1,3,1,-1.10185714285714,-15.5508571428571,-0.0170133449498024,-29.0001428571429,600,22.5214285714286,68.7678571428571,0,25,23,1.51285714285714,0
"380",0.901428571428571,1.51285714285714,4.66934003942092,2271.750205,273800,1,1,1,3,1,-4.20414285714286,-17.9388571428571,0.108437844556237,-31.7144285714286,560.714285714286,18.2964285714286,78.8964285714286,0,25,24,1.13285714285714,0
"381",0.9,1.13285714285714,4.66934003942092,2271.750205,273800,1,1,1,3,1,-0.449142857142857,-12.9594285714286,-0.0105352204103806,-24.102,516,21.575,75.5571428571429,0,25,25,0.798571428571429,0
"382",1.51285714285714,0.798571428571429,4.66934003942092,2271.750205,273800,1,1,1,3,1,-0.816142857142857,-12.2857142857143,-0.0601307628737526,-19.796,430.678571428571,20.1892857142857,73.9,0,25,26,0.737142857142857,0
"383",1.13285714285714,0.737142857142857,4.66934003942092,2271.750205,273800,1,1,1,3,1,-0.612285714285714,-11.9998571428571,0.0412698566402128,-17.4081428571429,291.571428571429,16.5214285714286,74.1107142857143,0,25,27,1.29714285714286,0
"384",0.798571428571429,1.29714285714286,4.66934003942092,2271.750205,273800,1,1,1,3,1,-2.97971428571429,-15.5714285714286,-0.0113720597704354,-18.143,351.857142857143,15.4571428571429,81.3785714285714,0,25,28,1.59714285714286,0
"385",0.737142857142857,1.59714285714286,4.66934003942092,2271.750205,273800,1,1,1,3,1,-1.898,-10.9184285714286,0.00222183690674527,-17.612,587.321428571429,16.6035714285714,80.5178571428571,0,25,29,0.867142857142857,0
"386",1.29714285714286,0.867142857142857,4.66934003942092,2271.750205,273800,1,1,1,2.57142857142857,1,-1.36757142857143,-8.53071428571429,-0.0445913251715329,-15.2855714285714,444.714285714286,17.9107142857143,83.9678571428571,0,25,30,0.901428571428571,0
"387",1.59714285714286,0.901428571428571,4.66934003942092,2271.750205,273800,1,1,1,2,1,-3.12257142857143,-12.5101428571429,0.0277760158657827,-16.1837142857143,152.75,12.7178571428571,84.7642857142857,0,25,31,1.87142857142857,0
"388",0.867142857142857,1.87142857142857,4.66934003942092,2271.750205,273800,1,0.428571428571429,1,2,1,-2.73457142857143,-15.5712857142857,0.0302820798568515,-16.5712857142857,236.285714285714,11.0892857142857,84.9321428571429,0,25,32,1.70285714285714,0
"389",0.901428571428571,1.70285714285714,4.66934003942092,2271.750205,273800,1,0,1,2,1,-3.38771428571429,-16.6937142857143,-0.0930097540437114,-18.5511428571429,156.857142857143,10.2714285714286,84.95,1,25,33,1.71142857142857,0
"390",1.87142857142857,1.71142857142857,4.66934003942092,2271.750205,273800,1,0,1,2,1,-4.20385714285714,-19.7141428571429,0.0143265767417038,-18.5102857142857,112.892857142857,6.43214285714286,89.625,1,25,34,1.51285714285714,0
